solid OpenSCAD_Model
  facet normal 1 -0 0
    outer loop
      vertex 120 117 3
      vertex 120 120 0
      vertex 120 120 3
    endloop
  endfacet
  facet normal 1 -0 0
    outer loop
      vertex 120 0 3
      vertex 120 120 0
      vertex 120 117 3
    endloop
  endfacet
  facet normal 1 0 0
    outer loop
      vertex 120 -3 0
      vertex 120 0 3
      vertex 120 -3 3
    endloop
  endfacet
  facet normal 1 0 0
    outer loop
      vertex 120 0 3
      vertex 120 -3 0
      vertex 120 120 0
    endloop
  endfacet
  facet normal 0 0 1
    outer loop
      vertex -21.8616 4.64683 3
      vertex -117.927 2.85317 3
      vertex -22.0501 2.85317 3
    endloop
  endfacet
  facet normal 0 0 1
    outer loop
      vertex -20.4177 9.09056 3
      vertex -117.927 2.85317 3
      vertex -21.8616 4.64683 3
    endloop
  endfacet
  facet normal 0 0 1
    outer loop
      vertex -18.0815 13.137 3
      vertex -117.927 2.85317 3
      vertex -20.4177 9.09056 3
    endloop
  endfacet
  facet normal 0 0 1
    outer loop
      vertex -119.427 115.237 3
      vertex -18.0815 13.137 3
      vertex -17.7242 13.5338 3
    endloop
  endfacet
  facet normal 0 0 1
    outer loop
      vertex -18.0815 13.137 3
      vertex -119.427 115.237 3
      vertex -117.927 2.85317 3
    endloop
  endfacet
  facet normal 0 0 1
    outer loop
      vertex -119.427 115.237 3
      vertex -119.427 1.76336 3
      vertex -117.927 2.85317 3
    endloop
  endfacet
  facet normal 0 0 1
    outer loop
      vertex -120 117 3
      vertex -119.427 1.76336 3
      vertex -119.427 115.237 3
    endloop
  endfacet
  facet normal 0 0 1
    outer loop
      vertex -119.427 1.76336 3
      vertex -120 117 3
      vertex -120 0 3
    endloop
  endfacet
  facet normal -0 0 1
    outer loop
      vertex -117.927 -2.85317 3
      vertex -22.0347 -3 3
      vertex -22.0501 -2.85317 3
    endloop
  endfacet
  facet normal 0 0 1
    outer loop
      vertex -117.927 -2.85317 3
      vertex -120 -3 3
      vertex -22.0347 -3 3
    endloop
  endfacet
  facet normal 0 0 1
    outer loop
      vertex -119.427 -1.76336 3
      vertex -120 -3 3
      vertex -117.927 -2.85317 3
    endloop
  endfacet
  facet normal 0 0 1
    outer loop
      vertex -120 -3 3
      vertex -119.427 -1.76336 3
      vertex -120 0 3
    endloop
  endfacet
  facet normal 0 0 1
    outer loop
      vertex 120 120 3
      vertex 119.427 118.763 3
      vertex 120 117 3
    endloop
  endfacet
  facet normal 0 0 1
    outer loop
      vertex 120 120 3
      vertex 117.927 119.853 3
      vertex 119.427 118.763 3
    endloop
  endfacet
  facet normal 0 0 1
    outer loop
      vertex 120 120 3
      vertex 116.073 119.853 3
      vertex 117.927 119.853 3
    endloop
  endfacet
  facet normal -0 0 1
    outer loop
      vertex 0 117 3
      vertex 13.4861 17.6765 3
      vertex 114.573 118.763 3
    endloop
  endfacet
  facet normal 0 0 1
    outer loop
      vertex 13.4861 17.6765 3
      vertex 0 117 3
      vertex 11.175 19.3557 3
    endloop
  endfacet
  facet normal 0 0 1
    outer loop
      vertex 11.175 19.3557 3
      vertex 0 117 3
      vertex 6.90653 21.2561 3
    endloop
  endfacet
  facet normal 0 0 1
    outer loop
      vertex 6.90653 21.2561 3
      vertex 0 117 3
      vertex 2.43058 22.2075 3
    endloop
  endfacet
  facet normal 0 0 1
    outer loop
      vertex -0.572948 118.763 3
      vertex 114.573 118.763 3
      vertex 116.073 119.853 3
    endloop
  endfacet
  facet normal 0 0 1
    outer loop
      vertex -2.07295 119.853 3
      vertex 116.073 119.853 3
      vertex 120 120 3
    endloop
  endfacet
  facet normal 0 0 1
    outer loop
      vertex 114.573 118.763 3
      vertex -0.572948 118.763 3
      vertex 0 117 3
    endloop
  endfacet
  facet normal 0 0 1
    outer loop
      vertex 116.073 119.853 3
      vertex -2.07295 119.853 3
      vertex -0.572948 118.763 3
    endloop
  endfacet
  facet normal 0 0 1
    outer loop
      vertex 120 120 3
      vertex -3.92705 119.853 3
      vertex -2.07295 119.853 3
    endloop
  endfacet
  facet normal 0 0 1
    outer loop
      vertex -6 117 3
      vertex -11.175 19.3557 3
      vertex -6.90653 21.2561 3
    endloop
  endfacet
  facet normal 0 0 1
    outer loop
      vertex -6 117 3
      vertex -13.4861 17.6765 3
      vertex -11.175 19.3557 3
    endloop
  endfacet
  facet normal 0 0 1
    outer loop
      vertex -6 117 3
      vertex -114.573 118.763 3
      vertex -13.4861 17.6765 3
    endloop
  endfacet
  facet normal 0 0 1
    outer loop
      vertex -5.42705 118.763 3
      vertex -114.573 118.763 3
      vertex -6 117 3
    endloop
  endfacet
  facet normal 0 0 1
    outer loop
      vertex -3.92705 119.853 3
      vertex -114.573 118.763 3
      vertex -5.42705 118.763 3
    endloop
  endfacet
  facet normal 0 0 1
    outer loop
      vertex -3.92705 119.853 3
      vertex -116.073 119.853 3
      vertex -114.573 118.763 3
    endloop
  endfacet
  facet normal -0 0 1
    outer loop
      vertex -120 120 3
      vertex -3.92705 119.853 3
      vertex 120 120 3
    endloop
  endfacet
  facet normal 0 0 1
    outer loop
      vertex -3.92705 119.853 3
      vertex -120 120 3
      vertex -116.073 119.853 3
    endloop
  endfacet
  facet normal 0 0 1
    outer loop
      vertex -116.073 119.853 3
      vertex -120 120 3
      vertex -117.927 119.853 3
    endloop
  endfacet
  facet normal 0 0 1
    outer loop
      vertex -120 120 3
      vertex -119.427 118.763 3
      vertex -117.927 119.853 3
    endloop
  endfacet
  facet normal 0 0 1
    outer loop
      vertex -119.427 118.763 3
      vertex -120 120 3
      vertex -120 117 3
    endloop
  endfacet
  facet normal 0 0 1
    outer loop
      vertex -3.56325 21.9667 3
      vertex -6 117 3
      vertex -6.90653 21.2561 3
    endloop
  endfacet
  facet normal -0 0 1
    outer loop
      vertex 119.427 -1.76336 3
      vertex 120 -3 3
      vertex 120 0 3
    endloop
  endfacet
  facet normal -0 0 1
    outer loop
      vertex 117.927 -2.85317 3
      vertex 120 -3 3
      vertex 119.427 -1.76336 3
    endloop
  endfacet
  facet normal 0 0 1
    outer loop
      vertex 22.0347 -3 3
      vertex 117.927 -2.85317 3
      vertex 22.0501 -2.85317 3
    endloop
  endfacet
  facet normal 0 0 1
    outer loop
      vertex 117.927 -2.85317 3
      vertex 22.0347 -3 3
      vertex 120 -3 3
    endloop
  endfacet
  facet normal -0 0 1
    outer loop
      vertex 119.427 115.237 3
      vertex 120 0 3
      vertex 120 117 3
    endloop
  endfacet
  facet normal 0 0 1
    outer loop
      vertex 119.427 115.237 3
      vertex 119.427 1.76336 3
      vertex 120 0 3
    endloop
  endfacet
  facet normal 0 0 1
    outer loop
      vertex 119.427 115.237 3
      vertex 117.927 2.85317 3
      vertex 119.427 1.76336 3
    endloop
  endfacet
  facet normal -0 0 1
    outer loop
      vertex 18.0815 13.137 3
      vertex 117.927 2.85317 3
      vertex 119.427 115.237 3
    endloop
  endfacet
  facet normal 0 0 1
    outer loop
      vertex 117.927 2.85317 3
      vertex 21.8616 4.64683 3
      vertex 22.0501 2.85317 3
    endloop
  endfacet
  facet normal 0 0 1
    outer loop
      vertex 117.927 2.85317 3
      vertex 20.4177 9.09056 3
      vertex 21.8616 4.64683 3
    endloop
  endfacet
  facet normal 0 0 1
    outer loop
      vertex 117.927 2.85317 3
      vertex 18.0815 13.137 3
      vertex 20.4177 9.09056 3
    endloop
  endfacet
  facet normal 0 -0 1
    outer loop
      vertex 18.0815 13.137 3
      vertex 119.427 115.237 3
      vertex 17.7242 13.5338 3
    endloop
  endfacet
  facet normal 0 0 -1
    outer loop
      vertex -20.35 -9.2079 0
      vertex -14.35 -10 0
      vertex -20.35 -10 0
    endloop
  endfacet
  facet normal 0 0 -1
    outer loop
      vertex 20.35 -10 0
      vertex 14.35 -10 0
      vertex 20.35 -9.2079 0
    endloop
  endfacet
  facet normal 0 0 -1
    outer loop
      vertex 11.6094 8.43472 0
      vertex 120 -3 0
      vertex 22.0347 -3 0
    endloop
  endfacet
  facet normal 0 0 -1
    outer loop
      vertex 14.35 -10 0
      vertex 21.8616 -4.64683 0
      vertex 20.4177 -9.09056 0
    endloop
  endfacet
  facet normal 0 0 -1
    outer loop
      vertex 14.35 -10 0
      vertex 20.4177 -9.09056 0
      vertex 20.35 -9.2079 0
    endloop
  endfacet
  facet normal -0 0 -1
    outer loop
      vertex 21.8616 -4.64683 0
      vertex 14.35 -10 0
      vertex 14.35 0 0
    endloop
  endfacet
  facet normal 0 0 -1
    outer loop
      vertex 21.8616 -4.64683 0
      vertex 14.35 0 0
      vertex 22.0347 -3 0
    endloop
  endfacet
  facet normal 0 0 -1
    outer loop
      vertex 14.0364 2.98353 0
      vertex 22.0347 -3 0
      vertex 14.35 0 0
    endloop
  endfacet
  facet normal 0 0 -1
    outer loop
      vertex 13.1094 5.83667 0
      vertex 22.0347 -3 0
      vertex 14.0364 2.98353 0
    endloop
  endfacet
  facet normal 0 0 -1
    outer loop
      vertex 11.6094 8.43472 0
      vertex 22.0347 -3 0
      vertex 13.1094 5.83667 0
    endloop
  endfacet
  facet normal 0 0 -1
    outer loop
      vertex 120 -3 0
      vertex 11.6094 8.43472 0
      vertex 120 120 0
    endloop
  endfacet
  facet normal 0 0 -1
    outer loop
      vertex 9.60202 10.6641 0
      vertex 120 120 0
      vertex 11.6094 8.43472 0
    endloop
  endfacet
  facet normal 0 0 -1
    outer loop
      vertex 7.175 12.4275 0
      vertex 120 120 0
      vertex 9.60202 10.6641 0
    endloop
  endfacet
  facet normal 0 0 -1
    outer loop
      vertex 4.43439 13.6477 0
      vertex 120 120 0
      vertex 7.175 12.4275 0
    endloop
  endfacet
  facet normal 0 0 -1
    outer loop
      vertex 1.49998 14.2714 0
      vertex 120 120 0
      vertex 4.43439 13.6477 0
    endloop
  endfacet
  facet normal 0 0 -1
    outer loop
      vertex -1.49998 14.2714 0
      vertex 120 120 0
      vertex 1.49998 14.2714 0
    endloop
  endfacet
  facet normal 0 0 -1
    outer loop
      vertex -120 120 0
      vertex -1.49998 14.2714 0
      vertex -4.43439 13.6477 0
    endloop
  endfacet
  facet normal 0 0 -1
    outer loop
      vertex -120 120 0
      vertex -4.43439 13.6477 0
      vertex -7.175 12.4275 0
    endloop
  endfacet
  facet normal 0 0 -1
    outer loop
      vertex -120 120 0
      vertex -7.175 12.4275 0
      vertex -9.60202 10.6641 0
    endloop
  endfacet
  facet normal 0 0 -1
    outer loop
      vertex -20.4177 -9.09056 0
      vertex -14.35 -10 0
      vertex -20.35 -9.2079 0
    endloop
  endfacet
  facet normal 0 0 -1
    outer loop
      vertex -21.8616 -4.64683 0
      vertex -14.35 -10 0
      vertex -20.4177 -9.09056 0
    endloop
  endfacet
  facet normal 0 0 -1
    outer loop
      vertex -14.35 -10 0
      vertex -21.8616 -4.64683 0
      vertex -14.35 0 0
    endloop
  endfacet
  facet normal 0 0 -1
    outer loop
      vertex -22.0347 -3 0
      vertex -14.35 0 0
      vertex -21.8616 -4.64683 0
    endloop
  endfacet
  facet normal -0 0 -1
    outer loop
      vertex -14.35 0 0
      vertex -22.0347 -3 0
      vertex -14.0364 2.98353 0
    endloop
  endfacet
  facet normal -0 0 -1
    outer loop
      vertex -14.0364 2.98353 0
      vertex -22.0347 -3 0
      vertex -13.1094 5.83667 0
    endloop
  endfacet
  facet normal -0 0 -1
    outer loop
      vertex -13.1094 5.83667 0
      vertex -22.0347 -3 0
      vertex -11.6094 8.43472 0
    endloop
  endfacet
  facet normal 0 0 -1
    outer loop
      vertex -120 -3 0
      vertex -11.6094 8.43472 0
      vertex -22.0347 -3 0
    endloop
  endfacet
  facet normal 0 0 -1
    outer loop
      vertex -120 120 0
      vertex -11.6094 8.43472 0
      vertex -120 -3 0
    endloop
  endfacet
  facet normal 0 0 -1
    outer loop
      vertex -11.6094 8.43472 0
      vertex -120 120 0
      vertex -9.60202 10.6641 0
    endloop
  endfacet
  facet normal 0 0 -1
    outer loop
      vertex -1.49998 14.2714 0
      vertex -120 120 0
      vertex 120 120 0
    endloop
  endfacet
  facet normal -1 0 0
    outer loop
      vertex -120 120 0
      vertex -120 117 3
      vertex -120 120 3
    endloop
  endfacet
  facet normal -1 0 0
    outer loop
      vertex -120 120 0
      vertex -120 0 3
      vertex -120 117 3
    endloop
  endfacet
  facet normal -1 0 0
    outer loop
      vertex -120 -3 0
      vertex -120 0 3
      vertex -120 120 0
    endloop
  endfacet
  facet normal -1 -0 0
    outer loop
      vertex -120 0 3
      vertex -120 -3 0
      vertex -120 -3 3
    endloop
  endfacet
  facet normal 0 1 -0
    outer loop
      vertex 120 120 0
      vertex -120 120 3
      vertex 120 120 3
    endloop
  endfacet
  facet normal 0 1 0
    outer loop
      vertex -120 120 3
      vertex 120 120 0
      vertex -120 120 0
    endloop
  endfacet
  facet normal 0 -1 0
    outer loop
      vertex -120 -3 0
      vertex -22.0347 -3 3
      vertex -120 -3 3
    endloop
  endfacet
  facet normal 0 -1 -0
    outer loop
      vertex -22.0347 -3 3
      vertex -120 -3 0
      vertex -22.0347 -3 0
    endloop
  endfacet
  facet normal 0 -1 0
    outer loop
      vertex 22.0347 -3 0
      vertex 120 -3 3
      vertex 22.0347 -3 3
    endloop
  endfacet
  facet normal 0 -1 -0
    outer loop
      vertex 120 -3 3
      vertex 22.0347 -3 0
      vertex 120 -3 0
    endloop
  endfacet
  facet normal -0.994521 -0.104535 0
    outer loop
      vertex -22.0347 -3 0
      vertex -21.8616 -4.64683 0
      vertex -22.0347 -3 3
    endloop
  endfacet
  facet normal -0.994545 -0.104311 0
    outer loop
      vertex -22.0501 -2.85317 3
      vertex -22.0347 -3 3
      vertex -22.0501 -2.85317 41.5147
    endloop
  endfacet
  facet normal -0.994469 -0.105034 7.92551e-21
    outer loop
      vertex -22.3403 -0.0918404 42.5593
      vertex -22.35 0 50
      vertex -22.35 0 42.5671
    endloop
  endfacet
  facet normal -0.994525 -0.104501 -6.65043e-06
    outer loop
      vertex -22.1866 -1.55458 42.4358
      vertex -22.35 0 50
      vertex -22.3403 -0.0918404 42.5593
    endloop
  endfacet
  facet normal -0.994525 -0.104501 1.04225e-05
    outer loop
      vertex -21.8616 -4.64683 50
      vertex -22.1866 -1.55458 42.4358
      vertex -22.0941 -2.43494 42.0011
    endloop
  endfacet
  facet normal -0.994483 -0.104896 -0.000100142
    outer loop
      vertex -21.8616 -4.64683 50
      vertex -22.0941 -2.43494 42.0011
      vertex -22.0878 -2.49464 41.9716
    endloop
  endfacet
  facet normal -0.99453 -0.104453 1.97887e-05
    outer loop
      vertex -21.8616 -4.64683 50
      vertex -22.0878 -2.49464 41.9716
      vertex -22.0605 -2.7546 41.8166
    endloop
  endfacet
  facet normal -0.994521 -0.104537 8.69853e-07
    outer loop
      vertex -21.8616 -4.64683 0
      vertex -22.0501 -2.85317 41.5147
      vertex -22.0347 -3 3
    endloop
  endfacet
  facet normal -0.994522 -0.104528 -9.94535e-07
    outer loop
      vertex -22.1866 -1.55458 42.4358
      vertex -21.8616 -4.64683 50
      vertex -22.35 0 50
    endloop
  endfacet
  facet normal -0.994497 -0.104765 -5.31343e-05
    outer loop
      vertex -22.0501 -2.85317 41.5147
      vertex -21.8616 -4.64683 50
      vertex -22.0605 -2.7546 41.8166
    endloop
  endfacet
  facet normal -0.994523 -0.104517 -0
    outer loop
      vertex -21.8616 -4.64683 50
      vertex -22.0501 -2.85317 41.5147
      vertex -21.8616 -4.64683 0
    endloop
  endfacet
  facet normal 0.951054 0.309026 1.0028e-18
    outer loop
      vertex 21.8616 4.64683 50
      vertex 20.4177 9.09056 3
      vertex 20.4177 9.09056 50
    endloop
  endfacet
  facet normal 0.951054 0.309026 1.0028e-18
    outer loop
      vertex 20.4177 9.09056 3
      vertex 21.8616 4.64683 50
      vertex 21.8616 4.64683 3
    endloop
  endfacet
  facet normal 0.994523 0.104517 0
    outer loop
      vertex 21.8616 4.64683 50
      vertex 22.0501 2.85317 41.5147
      vertex 21.8616 4.64683 3
    endloop
  endfacet
  facet normal 0.994497 0.104765 -5.31343e-05
    outer loop
      vertex 21.8616 4.64683 50
      vertex 22.0605 2.7546 41.8166
      vertex 22.0501 2.85317 41.5147
    endloop
  endfacet
  facet normal 0.99453 0.104453 1.97887e-05
    outer loop
      vertex 21.8616 4.64683 50
      vertex 22.0878 2.49464 41.9716
      vertex 22.0605 2.7546 41.8166
    endloop
  endfacet
  facet normal 0.994483 0.104896 -0.000100142
    outer loop
      vertex 21.8616 4.64683 50
      vertex 22.0941 2.43494 42.0011
      vertex 22.0878 2.49464 41.9716
    endloop
  endfacet
  facet normal 0.994525 0.104501 1.04225e-05
    outer loop
      vertex 21.8616 4.64683 50
      vertex 22.1866 1.55458 42.4358
      vertex 22.0941 2.43494 42.0011
    endloop
  endfacet
  facet normal 0.994522 0.104528 -9.94535e-07
    outer loop
      vertex 22.35 0 50
      vertex 22.1866 1.55458 42.4358
      vertex 21.8616 4.64683 50
    endloop
  endfacet
  facet normal 0.994525 0.104501 -6.65043e-06
    outer loop
      vertex 22.1866 1.55458 42.4358
      vertex 22.35 0 50
      vertex 22.3403 0.0918404 42.5593
    endloop
  endfacet
  facet normal 0.994469 0.105034 7.92551e-21
    outer loop
      vertex 22.3403 0.0918404 42.5593
      vertex 22.35 0 50
      vertex 22.35 0 42.5671
    endloop
  endfacet
  facet normal 0.994523 0.104517 -3.49403e-19
    outer loop
      vertex 21.8616 4.64683 3
      vertex 22.0501 2.85317 41.5147
      vertex 22.0501 2.85317 3
    endloop
  endfacet
  facet normal 0.951054 -0.309026 -9.4263e-19
    outer loop
      vertex 20.4177 -9.09056 50
      vertex 21.8616 -4.64683 0
      vertex 21.8616 -4.64683 50
    endloop
  endfacet
  facet normal 0.951054 -0.309026 -9.4263e-19
    outer loop
      vertex 21.8616 -4.64683 0
      vertex 20.4177 -9.09056 50
      vertex 20.4177 -9.09056 0
    endloop
  endfacet
  facet normal 0.866173 -0.499744 -4.68227e-20
    outer loop
      vertex 20.35 -9.2079 50
      vertex 20.4177 -9.09056 0
      vertex 20.4177 -9.09056 50
    endloop
  endfacet
  facet normal 0.866173 -0.499744 -4.68227e-20
    outer loop
      vertex 20.4177 -9.09056 0
      vertex 20.35 -9.2079 50
      vertex 20.35 -9.2079 0
    endloop
  endfacet
  facet normal 0.58612 0.810224 -1.19119e-20
    outer loop
      vertex 14.9457 16.6161 44.7024
      vertex 14.9551 16.6093 50
      vertex 14.9551 16.6093 44.7024
    endloop
  endfacet
  facet normal 0.587826 0.808988 -4.61421e-06
    outer loop
      vertex 14.8901 16.6565 44.7024
      vertex 14.9551 16.6093 50
      vertex 14.9457 16.6161 44.7024
    endloop
  endfacet
  facet normal 0.587817 0.808994 -4.46113e-06
    outer loop
      vertex 13.9146 17.3653 44.4304
      vertex 14.9551 16.6093 50
      vertex 14.8901 16.6565 44.7024
    endloop
  endfacet
  facet normal 0.587785 0.809017 4.85711e-06
    outer loop
      vertex 14.9551 16.6093 50
      vertex 13.9146 17.3653 44.4304
      vertex 11.175 19.3557 50
    endloop
  endfacet
  facet normal 0.587635 0.809126 -0.000107764
    outer loop
      vertex 13.7762 17.4658 44.3238
      vertex 11.175 19.3557 50
      vertex 13.9146 17.3653 44.4304
    endloop
  endfacet
  facet normal 0.587059 0.809544 -0.00051087
    outer loop
      vertex 13.7523 17.4831 44.2737
      vertex 11.175 19.3557 50
      vertex 13.7762 17.4658 44.3238
    endloop
  endfacet
  facet normal 0.587846 0.808973 3.01955e-05
    outer loop
      vertex 13.5492 17.6307 43.8474
      vertex 11.175 19.3557 50
      vertex 13.7523 17.4831 44.2737
    endloop
  endfacet
  facet normal 0.587638 0.809124 -9.21986e-05
    outer loop
      vertex 13.4861 17.6765 43.6075
      vertex 11.175 19.3557 50
      vertex 13.5492 17.6307 43.8474
    endloop
  endfacet
  facet normal 0.587805 0.809002 -1.30994e-19
    outer loop
      vertex 11.175 19.3557 3
      vertex 13.4861 17.6765 43.6075
      vertex 13.4861 17.6765 3
    endloop
  endfacet
  facet normal 0.587805 0.809002 -1.13178e-19
    outer loop
      vertex 13.4861 17.6765 43.6075
      vertex 11.175 19.3557 3
      vertex 11.175 19.3557 50
    endloop
  endfacet
  facet normal -0.866027 0.499998 9.32297e-19
    outer loop
      vertex -20.4177 9.09056 3
      vertex -18.0815 13.137 50
      vertex -18.0815 13.137 3
    endloop
  endfacet
  facet normal -0.866027 0.499998 9.32297e-19
    outer loop
      vertex -18.0815 13.137 50
      vertex -20.4177 9.09056 3
      vertex -20.4177 9.09056 50
    endloop
  endfacet
  facet normal 0.207922 0.978145 -1.0021e-17
    outer loop
      vertex 6.90653 21.2561 50
      vertex 2.33621 22.2276 41.3598
      vertex 2.33621 22.2276 50
    endloop
  endfacet
  facet normal 0.208076 0.978113 -8.52767e-05
    outer loop
      vertex 6.90653 21.2561 50
      vertex 2.43058 22.2075 41.079
      vertex 2.33621 22.2276 41.3598
    endloop
  endfacet
  facet normal 0.207913 0.978147 -0
    outer loop
      vertex 6.90653 21.2561 3
      vertex 2.43058 22.2075 41.079
      vertex 6.90653 21.2561 50
    endloop
  endfacet
  facet normal 0.207913 0.978147 0
    outer loop
      vertex 2.43058 22.2075 41.079
      vertex 6.90653 21.2561 3
      vertex 2.43058 22.2075 3
    endloop
  endfacet
  facet normal -0.587785 0.809017 4.85711e-06
    outer loop
      vertex -13.9146 17.3653 44.4304
      vertex -14.9551 16.6093 50
      vertex -11.175 19.3557 50
    endloop
  endfacet
  facet normal -0.587817 0.808994 -4.46113e-06
    outer loop
      vertex -14.9551 16.6093 50
      vertex -13.9146 17.3653 44.4304
      vertex -14.8901 16.6565 44.7024
    endloop
  endfacet
  facet normal -0.587635 0.809126 -0.000107764
    outer loop
      vertex -11.175 19.3557 50
      vertex -13.7762 17.4658 44.3238
      vertex -13.9146 17.3653 44.4304
    endloop
  endfacet
  facet normal -0.587059 0.809544 -0.00051087
    outer loop
      vertex -11.175 19.3557 50
      vertex -13.7523 17.4831 44.2737
      vertex -13.7762 17.4658 44.3238
    endloop
  endfacet
  facet normal -0.587846 0.808973 3.01955e-05
    outer loop
      vertex -11.175 19.3557 50
      vertex -13.5492 17.6307 43.8474
      vertex -13.7523 17.4831 44.2737
    endloop
  endfacet
  facet normal -0.587638 0.809124 -9.21986e-05
    outer loop
      vertex -11.175 19.3557 50
      vertex -13.4861 17.6765 43.6075
      vertex -13.5492 17.6307 43.8474
    endloop
  endfacet
  facet normal -0.587805 0.809002 0
    outer loop
      vertex -11.175 19.3557 3
      vertex -13.4861 17.6765 43.6075
      vertex -11.175 19.3557 50
    endloop
  endfacet
  facet normal -0.587805 0.809002 0
    outer loop
      vertex -13.4861 17.6765 43.6075
      vertex -11.175 19.3557 3
      vertex -13.4861 17.6765 3
    endloop
  endfacet
  facet normal -0.587826 0.808988 -4.61421e-06
    outer loop
      vertex -14.9457 16.6161 44.7024
      vertex -14.9551 16.6093 50
      vertex -14.8901 16.6565 44.7024
    endloop
  endfacet
  facet normal -0.58612 0.810224 0
    outer loop
      vertex -14.9551 16.6093 50
      vertex -14.9457 16.6161 44.7024
      vertex -14.9551 16.6093 44.7024
    endloop
  endfacet
  facet normal 0.994469 -0.105034 0
    outer loop
      vertex 22.35 0 50
      vertex 22.3403 -0.0918404 42.5593
      vertex 22.35 0 42.5671
    endloop
  endfacet
  facet normal 0.994525 -0.104501 -6.65043e-06
    outer loop
      vertex 22.35 0 50
      vertex 22.1866 -1.55458 42.4358
      vertex 22.3403 -0.0918404 42.5593
    endloop
  endfacet
  facet normal 0.994522 -0.104528 -9.94535e-07
    outer loop
      vertex 21.8616 -4.64683 50
      vertex 22.1866 -1.55458 42.4358
      vertex 22.35 0 50
    endloop
  endfacet
  facet normal 0.994525 -0.104501 1.04225e-05
    outer loop
      vertex 22.1866 -1.55458 42.4358
      vertex 21.8616 -4.64683 50
      vertex 22.0941 -2.43494 42.0011
    endloop
  endfacet
  facet normal 0.994483 -0.104896 -0.000100142
    outer loop
      vertex 22.0941 -2.43494 42.0011
      vertex 21.8616 -4.64683 50
      vertex 22.0878 -2.49464 41.9716
    endloop
  endfacet
  facet normal 0.994545 -0.104311 0
    outer loop
      vertex 22.0501 -2.85317 41.5147
      vertex 22.0347 -3 3
      vertex 22.0501 -2.85317 3
    endloop
  endfacet
  facet normal 0.99453 -0.104453 1.97887e-05
    outer loop
      vertex 22.0878 -2.49464 41.9716
      vertex 21.8616 -4.64683 50
      vertex 22.0605 -2.7546 41.8166
    endloop
  endfacet
  facet normal 0.994497 -0.104765 -5.31343e-05
    outer loop
      vertex 21.8616 -4.64683 50
      vertex 22.0501 -2.85317 41.5147
      vertex 22.0605 -2.7546 41.8166
    endloop
  endfacet
  facet normal 0.994523 -0.104517 0
    outer loop
      vertex 21.8616 -4.64683 0
      vertex 22.0501 -2.85317 41.5147
      vertex 21.8616 -4.64683 50
    endloop
  endfacet
  facet normal 0.994521 -0.104537 8.69853e-07
    outer loop
      vertex 22.0501 -2.85317 41.5147
      vertex 21.8616 -4.64683 0
      vertex 22.0347 -3 3
    endloop
  endfacet
  facet normal 0.994521 -0.104535 0
    outer loop
      vertex 22.0347 -3 3
      vertex 21.8616 -4.64683 0
      vertex 22.0347 -3 0
    endloop
  endfacet
  facet normal -0.951054 -0.309026 9.4263e-19
    outer loop
      vertex -20.4177 -9.09056 0
      vertex -21.8616 -4.64683 50
      vertex -21.8616 -4.64683 0
    endloop
  endfacet
  facet normal -0.951054 -0.309026 9.4263e-19
    outer loop
      vertex -21.8616 -4.64683 50
      vertex -20.4177 -9.09056 0
      vertex -20.4177 -9.09056 50
    endloop
  endfacet
  facet normal -0.866173 -0.499744 4.68227e-20
    outer loop
      vertex -20.35 -9.2079 0
      vertex -20.4177 -9.09056 50
      vertex -20.4177 -9.09056 0
    endloop
  endfacet
  facet normal -0.866173 -0.499744 4.68227e-20
    outer loop
      vertex -20.4177 -9.09056 50
      vertex -20.35 -9.2079 0
      vertex -20.35 -9.2079 50
    endloop
  endfacet
  facet normal 0 0 1
    outer loop
      vertex -14.0364 2.98353 50
      vertex -21.8616 4.64683 50
      vertex -14.35 0 50
    endloop
  endfacet
  facet normal 0 0 1
    outer loop
      vertex -22.35 0 50
      vertex -14.35 0 50
      vertex -21.8616 4.64683 50
    endloop
  endfacet
  facet normal 0 -0 1
    outer loop
      vertex -20.4177 -9.09056 50
      vertex -14.35 0 50
      vertex -21.8616 -4.64683 50
    endloop
  endfacet
  facet normal 0 0 1
    outer loop
      vertex -14.35 0 50
      vertex -20.4177 -9.09056 50
      vertex -20.35 -9.2079 50
    endloop
  endfacet
  facet normal 0 0 1
    outer loop
      vertex -14.35 0 50
      vertex -22.35 0 50
      vertex -21.8616 -4.64683 50
    endloop
  endfacet
  facet normal 0 0 1
    outer loop
      vertex 21.8616 4.64683 50
      vertex 14.0364 2.98353 50
      vertex 14.35 0 50
    endloop
  endfacet
  facet normal 0 0 1
    outer loop
      vertex 18.0815 13.137 50
      vertex 13.1094 5.83667 50
      vertex 14.0364 2.98353 50
    endloop
  endfacet
  facet normal 0 0 1
    outer loop
      vertex 18.0815 13.137 50
      vertex 11.6094 8.43472 50
      vertex 13.1094 5.83667 50
    endloop
  endfacet
  facet normal 0 0 1
    outer loop
      vertex 9.60202 10.6641 50
      vertex 14.9551 16.6093 50
      vertex 11.175 19.3557 50
    endloop
  endfacet
  facet normal 0 0 1
    outer loop
      vertex 14.9551 16.6093 50
      vertex 9.60202 10.6641 50
      vertex 11.6094 8.43472 50
    endloop
  endfacet
  facet normal 0 0 1
    outer loop
      vertex 11.175 19.3557 50
      vertex 7.175 12.4275 50
      vertex 9.60202 10.6641 50
    endloop
  endfacet
  facet normal 0 0 1
    outer loop
      vertex 6.90653 21.2561 50
      vertex 7.175 12.4275 50
      vertex 11.175 19.3557 50
    endloop
  endfacet
  facet normal 0 0 1
    outer loop
      vertex 6.90653 21.2561 50
      vertex 4.43439 13.6477 50
      vertex 7.175 12.4275 50
    endloop
  endfacet
  facet normal 0 0 1
    outer loop
      vertex 2.33621 22.2276 50
      vertex 4.43439 13.6477 50
      vertex 6.90653 21.2561 50
    endloop
  endfacet
  facet normal 0 0 1
    outer loop
      vertex 2.33621 22.2276 50
      vertex 1.49998 14.2714 50
      vertex 4.43439 13.6477 50
    endloop
  endfacet
  facet normal 0 0 1
    outer loop
      vertex 2.33621 22.2276 50
      vertex -1.49998 14.2714 50
      vertex 1.49998 14.2714 50
    endloop
  endfacet
  facet normal -0 0 1
    outer loop
      vertex -2.33621 22.2276 50
      vertex -1.49998 14.2714 50
      vertex 2.33621 22.2276 50
    endloop
  endfacet
  facet normal 0 0 1
    outer loop
      vertex -2.33621 22.2276 50
      vertex -4.43439 13.6477 50
      vertex -1.49998 14.2714 50
    endloop
  endfacet
  facet normal -0 0 1
    outer loop
      vertex -6.90653 21.2561 50
      vertex -4.43439 13.6477 50
      vertex -2.33621 22.2276 50
    endloop
  endfacet
  facet normal 0 0 1
    outer loop
      vertex -6.90653 21.2561 50
      vertex -7.175 12.4275 50
      vertex -4.43439 13.6477 50
    endloop
  endfacet
  facet normal -0 0 1
    outer loop
      vertex -11.175 19.3557 50
      vertex -7.175 12.4275 50
      vertex -6.90653 21.2561 50
    endloop
  endfacet
  facet normal 0 0 1
    outer loop
      vertex -7.175 12.4275 50
      vertex -11.175 19.3557 50
      vertex -9.60202 10.6641 50
    endloop
  endfacet
  facet normal -0 0 1
    outer loop
      vertex -14.9551 16.6093 50
      vertex -9.60202 10.6641 50
      vertex -11.175 19.3557 50
    endloop
  endfacet
  facet normal 0 0 1
    outer loop
      vertex -9.60202 10.6641 50
      vertex -14.9551 16.6093 50
      vertex -11.6094 8.43472 50
    endloop
  endfacet
  facet normal -0 0 1
    outer loop
      vertex -18.0815 13.137 50
      vertex -11.6094 8.43472 50
      vertex -14.9551 16.6093 50
    endloop
  endfacet
  facet normal 0 0 1
    outer loop
      vertex -11.6094 8.43472 50
      vertex -18.0815 13.137 50
      vertex -13.1094 5.83667 50
    endloop
  endfacet
  facet normal -0 0 1
    outer loop
      vertex -20.4177 9.09056 50
      vertex -13.1094 5.83667 50
      vertex -18.0815 13.137 50
    endloop
  endfacet
  facet normal 0 0 1
    outer loop
      vertex -13.1094 5.83667 50
      vertex -20.4177 9.09056 50
      vertex -14.0364 2.98353 50
    endloop
  endfacet
  facet normal -0 0 1
    outer loop
      vertex -21.8616 4.64683 50
      vertex -14.0364 2.98353 50
      vertex -20.4177 9.09056 50
    endloop
  endfacet
  facet normal 0 0 1
    outer loop
      vertex -14.35 0 50
      vertex -20.35 -9.2079 50
      vertex -14.35 -10 50
    endloop
  endfacet
  facet normal 0 0 1
    outer loop
      vertex -14.35 -10 50
      vertex -20.35 -9.2079 50
      vertex -20.35 -10 50
    endloop
  endfacet
  facet normal 0 0 1
    outer loop
      vertex 14.35 0 50
      vertex 22.35 0 50
      vertex 21.8616 4.64683 50
    endloop
  endfacet
  facet normal 0 0 1
    outer loop
      vertex 14.0364 2.98353 50
      vertex 21.8616 4.64683 50
      vertex 20.4177 9.09056 50
    endloop
  endfacet
  facet normal 0 0 1
    outer loop
      vertex 22.35 0 50
      vertex 14.35 0 50
      vertex 21.8616 -4.64683 50
    endloop
  endfacet
  facet normal 0 0 1
    outer loop
      vertex 14.35 -10 50
      vertex 21.8616 -4.64683 50
      vertex 14.35 0 50
    endloop
  endfacet
  facet normal 0 0 1
    outer loop
      vertex 14.0364 2.98353 50
      vertex 20.4177 9.09056 50
      vertex 18.0815 13.137 50
    endloop
  endfacet
  facet normal 0 0 1
    outer loop
      vertex 21.8616 -4.64683 50
      vertex 14.35 -10 50
      vertex 20.4177 -9.09056 50
    endloop
  endfacet
  facet normal 0 0 1
    outer loop
      vertex 11.6094 8.43472 50
      vertex 18.0815 13.137 50
      vertex 14.9551 16.6093 50
    endloop
  endfacet
  facet normal 0 0 1
    outer loop
      vertex 20.4177 -9.09056 50
      vertex 14.35 -10 50
      vertex 20.35 -9.2079 50
    endloop
  endfacet
  facet normal 0 0 1
    outer loop
      vertex 20.35 -9.2079 50
      vertex 14.35 -10 50
      vertex 20.35 -10 50
    endloop
  endfacet
  facet normal 0 1 0
    outer loop
      vertex 2.33621 22.2276 50
      vertex 0.313864 22.2276 42.5643
      vertex -2.33621 22.2276 50
    endloop
  endfacet
  facet normal 0 1 0
    outer loop
      vertex 2.33621 22.2276 50
      vertex 1.5211 22.2276 42.2197
      vertex 0.313864 22.2276 42.5643
    endloop
  endfacet
  facet normal 0 1 0
    outer loop
      vertex 2.33621 22.2276 50
      vertex 1.60039 22.2276 42.1971
      vertex 1.5211 22.2276 42.2197
    endloop
  endfacet
  facet normal 0 1 0
    outer loop
      vertex 2.33621 22.2276 50
      vertex 1.8195 22.2276 42.0649
      vertex 1.60039 22.2276 42.1971
    endloop
  endfacet
  facet normal 0 1 0
    outer loop
      vertex 2.33621 22.2276 50
      vertex 1.8943 22.2276 41.9667
      vertex 1.8195 22.2276 42.0649
    endloop
  endfacet
  facet normal 0 1 0
    outer loop
      vertex 2.33621 22.2276 50
      vertex 2.32121 22.2276 41.406
      vertex 1.8943 22.2276 41.9667
    endloop
  endfacet
  facet normal -0 1 0
    outer loop
      vertex 2.32121 22.2276 41.406
      vertex 2.33621 22.2276 50
      vertex 2.33621 22.2276 41.3598
    endloop
  endfacet
  facet normal 0 1 -0
    outer loop
      vertex -1.32445 22.2276 42.5643
      vertex -2.33621 22.2276 50
      vertex 0.313864 22.2276 42.5643
    endloop
  endfacet
  facet normal 0 1 -0
    outer loop
      vertex -1.40392 22.2276 42.5425
      vertex -2.33621 22.2276 50
      vertex -1.32445 22.2276 42.5643
    endloop
  endfacet
  facet normal 0 1 0
    outer loop
      vertex -2.33621 22.2276 50
      vertex -1.40392 22.2276 42.5425
      vertex -2.33621 22.2276 42.2863
    endloop
  endfacet
  facet normal 0.406729 0.913549 -0
    outer loop
      vertex 11.175 19.3557 3
      vertex 6.90653 21.2561 50
      vertex 11.175 19.3557 50
    endloop
  endfacet
  facet normal 0.406729 0.913549 0
    outer loop
      vertex 6.90653 21.2561 50
      vertex 11.175 19.3557 3
      vertex 6.90653 21.2561 3
    endloop
  endfacet
  facet normal -0.743127 0.669151 0
    outer loop
      vertex -17.7242 13.5338 3
      vertex -18.0815 13.137 3
      vertex -17.7242 13.5338 43.855
    endloop
  endfacet
  facet normal -0.743133 0.669144 -4.18988e-18
    outer loop
      vertex -16.0277 15.4181 44.7935
      vertex -14.9551 16.6093 50
      vertex -14.9551 16.6093 44.7024
    endloop
  endfacet
  facet normal -0.743173 0.669099 -9.27771e-06
    outer loop
      vertex -18.0815 13.137 50
      vertex -16.0277 15.4181 44.7935
      vertex -16.9987 14.3396 44.6144
    endloop
  endfacet
  facet normal -0.743212 0.669056 -2.64921e-05
    outer loop
      vertex -18.0815 13.137 50
      vertex -16.9987 14.3396 44.6144
      vertex -17.0402 14.2935 44.6067
    endloop
  endfacet
  facet normal -0.742862 0.669445 0.000124349
    outer loop
      vertex -18.0815 13.137 50
      vertex -17.0402 14.2935 44.6067
      vertex -17.0612 14.2702 44.5903
    endloop
  endfacet
  facet normal -0.74312 0.669158 1.54536e-05
    outer loop
      vertex -18.0815 13.137 50
      vertex -17.0612 14.2702 44.5903
      vertex -17.5444 13.7336 44.2129
    endloop
  endfacet
  facet normal -0.743356 0.668896 -3.33165e-05
    outer loop
      vertex -18.0815 13.137 50
      vertex -17.5444 13.7336 44.2129
      vertex -17.6746 13.5889 44.0813
    endloop
  endfacet
  facet normal -0.743153 0.669122 9.09696e-06
    outer loop
      vertex -16.0277 15.4181 44.7935
      vertex -18.0815 13.137 50
      vertex -14.9551 16.6093 50
    endloop
  endfacet
  facet normal -0.743206 0.669063 -1.03227e-05
    outer loop
      vertex -17.7242 13.5338 43.855
      vertex -18.0815 13.137 50
      vertex -17.6746 13.5889 44.0813
    endloop
  endfacet
  facet normal -0.743127 0.669151 0
    outer loop
      vertex -18.0815 13.137 50
      vertex -17.7242 13.5338 43.855
      vertex -18.0815 13.137 3
    endloop
  endfacet
  facet normal 0.743133 0.669144 0
    outer loop
      vertex 14.9551 16.6093 50
      vertex 16.0277 15.4181 44.7935
      vertex 14.9551 16.6093 44.7024
    endloop
  endfacet
  facet normal 0.743153 0.669122 9.09696e-06
    outer loop
      vertex 18.0815 13.137 50
      vertex 16.0277 15.4181 44.7935
      vertex 14.9551 16.6093 50
    endloop
  endfacet
  facet normal 0.743173 0.669099 -9.27771e-06
    outer loop
      vertex 16.0277 15.4181 44.7935
      vertex 18.0815 13.137 50
      vertex 16.9987 14.3396 44.6144
    endloop
  endfacet
  facet normal 0.743212 0.669056 -2.64921e-05
    outer loop
      vertex 16.9987 14.3396 44.6144
      vertex 18.0815 13.137 50
      vertex 17.0402 14.2935 44.6067
    endloop
  endfacet
  facet normal 0.742862 0.669445 0.000124349
    outer loop
      vertex 17.0402 14.2935 44.6067
      vertex 18.0815 13.137 50
      vertex 17.0612 14.2702 44.5903
    endloop
  endfacet
  facet normal 0.74312 0.669158 1.54536e-05
    outer loop
      vertex 17.0612 14.2702 44.5903
      vertex 18.0815 13.137 50
      vertex 17.5444 13.7336 44.2129
    endloop
  endfacet
  facet normal 0.743356 0.668896 -3.33165e-05
    outer loop
      vertex 17.5444 13.7336 44.2129
      vertex 18.0815 13.137 50
      vertex 17.6746 13.5889 44.0813
    endloop
  endfacet
  facet normal 0.743206 0.669063 -1.03227e-05
    outer loop
      vertex 18.0815 13.137 50
      vertex 17.7242 13.5338 43.855
      vertex 17.6746 13.5889 44.0813
    endloop
  endfacet
  facet normal 0.743127 0.669151 -0
    outer loop
      vertex 18.0815 13.137 3
      vertex 17.7242 13.5338 43.855
      vertex 18.0815 13.137 50
    endloop
  endfacet
  facet normal 0.743127 0.669151 0
    outer loop
      vertex 17.7242 13.5338 43.855
      vertex 18.0815 13.137 3
      vertex 17.7242 13.5338 3
    endloop
  endfacet
  facet normal -0.994523 0.104517 0
    outer loop
      vertex -22.0501 2.85317 41.5147
      vertex -21.8616 4.64683 3
      vertex -22.0501 2.85317 3
    endloop
  endfacet
  facet normal -0.994523 0.104517 0
    outer loop
      vertex -21.8616 4.64683 3
      vertex -22.0501 2.85317 41.5147
      vertex -21.8616 4.64683 50
    endloop
  endfacet
  facet normal -0.994497 0.104765 -5.31343e-05
    outer loop
      vertex -22.0605 2.7546 41.8166
      vertex -21.8616 4.64683 50
      vertex -22.0501 2.85317 41.5147
    endloop
  endfacet
  facet normal -0.99453 0.104453 1.97887e-05
    outer loop
      vertex -22.0878 2.49464 41.9716
      vertex -21.8616 4.64683 50
      vertex -22.0605 2.7546 41.8166
    endloop
  endfacet
  facet normal -0.994483 0.104896 -0.000100142
    outer loop
      vertex -22.0941 2.43494 42.0011
      vertex -21.8616 4.64683 50
      vertex -22.0878 2.49464 41.9716
    endloop
  endfacet
  facet normal -0.994525 0.104501 1.04225e-05
    outer loop
      vertex -22.1866 1.55458 42.4358
      vertex -21.8616 4.64683 50
      vertex -22.0941 2.43494 42.0011
    endloop
  endfacet
  facet normal -0.994525 0.104501 -6.65043e-06
    outer loop
      vertex -22.35 0 50
      vertex -22.1866 1.55458 42.4358
      vertex -22.3403 0.0918404 42.5593
    endloop
  endfacet
  facet normal -0.994469 0.105034 0
    outer loop
      vertex -22.35 0 50
      vertex -22.3403 0.0918404 42.5593
      vertex -22.35 0 42.5671
    endloop
  endfacet
  facet normal -0.994522 0.104528 -9.94535e-07
    outer loop
      vertex -22.1866 1.55458 42.4358
      vertex -22.35 0 50
      vertex -21.8616 4.64683 50
    endloop
  endfacet
  facet normal 0.866027 0.499998 -9.32297e-19
    outer loop
      vertex 20.4177 9.09056 50
      vertex 18.0815 13.137 3
      vertex 18.0815 13.137 50
    endloop
  endfacet
  facet normal 0.866027 0.499998 -9.32297e-19
    outer loop
      vertex 18.0815 13.137 3
      vertex 20.4177 9.09056 50
      vertex 20.4177 9.09056 3
    endloop
  endfacet
  facet normal -0.406729 0.913549 0
    outer loop
      vertex -6.90653 21.2561 3
      vertex -11.175 19.3557 50
      vertex -6.90653 21.2561 50
    endloop
  endfacet
  facet normal -0.406729 0.913549 0
    outer loop
      vertex -11.175 19.3557 50
      vertex -6.90653 21.2561 3
      vertex -11.175 19.3557 3
    endloop
  endfacet
  facet normal -0.951054 0.309026 -1.0028e-18
    outer loop
      vertex -21.8616 4.64683 3
      vertex -20.4177 9.09056 50
      vertex -20.4177 9.09056 3
    endloop
  endfacet
  facet normal -0.951054 0.309026 -1.0028e-18
    outer loop
      vertex -20.4177 9.09056 50
      vertex -21.8616 4.64683 3
      vertex -21.8616 4.64683 50
    endloop
  endfacet
  facet normal -0.208077 0.978112 7.82678e-20
    outer loop
      vertex -2.66009 22.1587 42.2234
      vertex -2.33621 22.2276 50
      vertex -2.33621 22.2276 42.2863
    endloop
  endfacet
  facet normal -0.207922 0.978145 -6.75997e-06
    outer loop
      vertex -2.33621 22.2276 50
      vertex -2.66009 22.1587 42.2234
      vertex -6.90653 21.2561 50
    endloop
  endfacet
  facet normal -0.207857 0.978159 3.00348e-05
    outer loop
      vertex -2.86952 22.1142 42.1089
      vertex -6.90653 21.2561 50
      vertex -2.66009 22.1587 42.2234
    endloop
  endfacet
  facet normal -0.20819 0.978088 -0.000147734
    outer loop
      vertex -2.95637 22.0957 42.0184
      vertex -6.90653 21.2561 50
      vertex -2.86952 22.1142 42.1089
    endloop
  endfacet
  facet normal -0.20787 0.978156 1.75245e-05
    outer loop
      vertex -3.45615 21.9895 41.498
      vertex -6.90653 21.2561 50
      vertex -2.95637 22.0957 42.0184
    endloop
  endfacet
  facet normal -0.20805 0.978118 -5.87777e-05
    outer loop
      vertex -3.56325 21.9667 41.1758
      vertex -6.90653 21.2561 50
      vertex -3.45615 21.9895 41.498
    endloop
  endfacet
  facet normal -0.207902 0.97815 -6.07926e-19
    outer loop
      vertex -6.90653 21.2561 3
      vertex -3.56325 21.9667 41.1758
      vertex -3.56325 21.9667 3
    endloop
  endfacet
  facet normal -0.207902 0.97815 -4.93789e-19
    outer loop
      vertex -3.56325 21.9667 41.1758
      vertex -6.90653 21.2561 3
      vertex -6.90653 21.2561 50
    endloop
  endfacet
  facet normal 1 -0 0
    outer loop
      vertex 20.35 -10 50
      vertex 20.35 -9.2079 0
      vertex 20.35 -9.2079 50
    endloop
  endfacet
  facet normal 1 0 0
    outer loop
      vertex 20.35 -9.2079 0
      vertex 20.35 -10 50
      vertex 20.35 -10 0
    endloop
  endfacet
  facet normal -1 0 0
    outer loop
      vertex -20.35 -10 0
      vertex -20.35 -9.2079 50
      vertex -20.35 -9.2079 0
    endloop
  endfacet
  facet normal -1 -0 0
    outer loop
      vertex -20.35 -9.2079 50
      vertex -20.35 -10 0
      vertex -20.35 -10 50
    endloop
  endfacet
  facet normal 0.491353 -0.159577 0.856217
    outer loop
      vertex 17.0402 14.2935 44.6067
      vertex 117.75 116.455 5.85317
      vertex 117.927 117 5.85317
    endloop
  endfacet
  facet normal 0.491437 -0.159685 0.856149
    outer loop
      vertex 117.75 116.455 5.85317
      vertex 17.0402 14.2935 44.6067
      vertex 17.0612 14.2702 44.5903
    endloop
  endfacet
  facet normal 0.908741 -0.295354 0.294884
    outer loop
      vertex 120 117 3
      vertex 118.964 115.573 4.76336
      vertex 119.427 115.237 3
    endloop
  endfacet
  facet normal 0.577336 0.187321 0.794729
    outer loop
      vertex 118.964 118.427 4.76336
      vertex 117.75 117.545 5.85317
      vertex 119.427 117 4.76336
    endloop
  endfacet
  facet normal -0.511991 0.705513 0.490018
    outer loop
      vertex 115.036 118.427 4.76336
      vertex 13.7762 17.4658 44.3238
      vertex 116.25 119.308 4.76336
    endloop
  endfacet
  facet normal -0.51297 0.705883 0.488458
    outer loop
      vertex 13.7762 17.4658 44.3238
      vertex 115.036 118.427 4.76336
      vertex 13.7523 17.4831 44.2737
    endloop
  endfacet
  facet normal 0.908631 0.295318 0.295258
    outer loop
      vertex 119.427 118.763 3
      vertex 119.427 117 4.76336
      vertex 120 117 3
    endloop
  endfacet
  facet normal 0.731724 -0.607851 0.308379
    outer loop
      vertex 17.7242 13.5338 43.855
      vertex 118.964 115.573 4.76336
      vertex 17.6746 13.5889 44.0813
    endloop
  endfacet
  facet normal 0.731746 -0.608022 0.307988
    outer loop
      vertex 118.964 115.573 4.76336
      vertex 17.7242 13.5338 43.855
      vertex 119.427 115.237 3
    endloop
  endfacet
  facet normal 0.276238 0.0897141 0.956893
    outer loop
      vertex 16.9987 14.3396 44.6144
      vertex 117.927 117 5.85317
      vertex 117.75 117.545 5.85317
    endloop
  endfacet
  facet normal 0.276675 0.0892533 0.95681
    outer loop
      vertex 117.927 117 5.85317
      vertex 16.9987 14.3396 44.6144
      vertex 17.0402 14.2935 44.6067
    endloop
  endfacet
  facet normal -0.707105 0.707108 -5.40373e-18
    outer loop
      vertex 114.573 118.763 3
      vertex 13.4861 17.6765 3
      vertex 13.4861 17.6765 43.6075
    endloop
  endfacet
  facet normal -0.61134 0.732071 0.30056
    outer loop
      vertex 115.036 118.427 4.76336
      vertex 13.4861 17.6765 43.6075
      vertex 13.5492 17.6307 43.8474
    endloop
  endfacet
  facet normal -0.611551 0.732095 0.30007
    outer loop
      vertex 13.4861 17.6765 43.6075
      vertex 115.036 118.427 4.76336
      vertex 114.573 118.763 3
    endloop
  endfacet
  facet normal 0.561144 0.773245 0.295312
    outer loop
      vertex 117.927 119.853 3
      vertex 117.75 119.308 4.76336
      vertex 118.964 118.427 4.76336
    endloop
  endfacet
  facet normal -0.512818 0.705826 0.488701
    outer loop
      vertex 115.036 118.427 4.76336
      vertex 13.5492 17.6307 43.8474
      vertex 13.7523 17.4831 44.2737
    endloop
  endfacet
  facet normal 0.548727 -0.235768 0.802068
    outer loop
      vertex 117.75 116.455 5.85317
      vertex 17.6746 13.5889 44.0813
      vertex 118.964 115.573 4.76336
    endloop
  endfacet
  facet normal 0.54871 -0.235745 0.802085
    outer loop
      vertex 17.6746 13.5889 44.0813
      vertex 117.75 116.455 5.85317
      vertex 17.5444 13.7336 44.2129
    endloop
  endfacet
  facet normal 0.49141 -0.159652 0.85617
    outer loop
      vertex 117.75 116.455 5.85317
      vertex 17.0612 14.2702 44.5903
      vertex 17.5444 13.7336 44.2129
    endloop
  endfacet
  facet normal 0.155037 0.21337 0.964592
    outer loop
      vertex 117.75 117.545 5.85317
      vertex 14.9551 16.6093 44.7024
      vertex 16.0277 15.4181 44.7935
    endloop
  endfacet
  facet normal 0.154639 0.213766 0.964568
    outer loop
      vertex 14.9551 16.6093 44.7024
      vertex 117.75 117.545 5.85317
      vertex 14.9457 16.6161 44.7024
    endloop
  endfacet
  facet normal 0.356506 0.491257 0.794714
    outer loop
      vertex 117.75 119.308 4.76336
      vertex 117.75 117.545 5.85317
      vertex 118.964 118.427 4.76336
    endloop
  endfacet
  facet normal 0.561729 0.773021 0.294787
    outer loop
      vertex 119.427 118.763 3
      vertex 117.927 119.853 3
      vertex 118.964 118.427 4.76336
    endloop
  endfacet
  facet normal -0.561729 0.773021 0.294787
    outer loop
      vertex 116.073 119.853 3
      vertex 114.573 118.763 3
      vertex 115.036 118.427 4.76336
    endloop
  endfacet
  facet normal 0.707108 -0.707105 0
    outer loop
      vertex 17.7242 13.5338 43.855
      vertex 17.7242 13.5338 3
      vertex 119.427 115.237 3
    endloop
  endfacet
  facet normal 0.577358 -0.187509 0.794668
    outer loop
      vertex 117.927 117 5.85317
      vertex 117.75 116.455 5.85317
      vertex 119.427 117 4.76336
    endloop
  endfacet
  facet normal 0.908903 0.2949 0.294839
    outer loop
      vertex 119.427 118.763 3
      vertex 118.964 118.427 4.76336
      vertex 119.427 117 4.76336
    endloop
  endfacet
  facet normal 0.577358 0.187509 0.794668
    outer loop
      vertex 119.427 117 4.76336
      vertex 117.75 117.545 5.85317
      vertex 117.927 117 5.85317
    endloop
  endfacet
  facet normal 3.6833e-17 0.607218 0.794535
    outer loop
      vertex 117.75 119.308 4.76336
      vertex 116.714 117.882 5.85317
      vertex 117.286 117.882 5.85317
    endloop
  endfacet
  facet normal 1.40456e-17 0.607218 0.794535
    outer loop
      vertex 116.714 117.882 5.85317
      vertex 117.75 119.308 4.76336
      vertex 116.25 119.308 4.76336
    endloop
  endfacet
  facet normal 0.577336 -0.187321 0.794729
    outer loop
      vertex 119.427 117 4.76336
      vertex 117.75 116.455 5.85317
      vertex 118.964 115.573 4.76336
    endloop
  endfacet
  facet normal 0.908767 -0.294856 0.295302
    outer loop
      vertex 119.427 117 4.76336
      vertex 118.964 115.573 4.76336
      vertex 120 117 3
    endloop
  endfacet
  facet normal 0.276196 0.0897588 0.956901
    outer loop
      vertex 117.75 117.545 5.85317
      vertex 16.0277 15.4181 44.7935
      vertex 16.9987 14.3396 44.6144
    endloop
  endfacet
  facet normal -0.228024 0.543297 0.807981
    outer loop
      vertex 13.7762 17.4658 44.3238
      vertex 116.714 117.882 5.85317
      vertex 116.25 119.308 4.76336
    endloop
  endfacet
  facet normal -0.227925 0.543225 0.808057
    outer loop
      vertex 116.714 117.882 5.85317
      vertex 13.7762 17.4658 44.3238
      vertex 13.9146 17.3653 44.4304
    endloop
  endfacet
  facet normal 1.54341e-17 0.955409 0.295287
    outer loop
      vertex 117.927 119.853 3
      vertex 116.25 119.308 4.76336
      vertex 117.75 119.308 4.76336
    endloop
  endfacet
  facet normal 1.24871e-17 0.955409 0.295287
    outer loop
      vertex 116.25 119.308 4.76336
      vertex 117.927 119.853 3
      vertex 116.073 119.853 3
    endloop
  endfacet
  facet normal -0.561144 0.773245 0.295312
    outer loop
      vertex 116.073 119.853 3
      vertex 115.036 118.427 4.76336
      vertex 116.25 119.308 4.76336
    endloop
  endfacet
  facet normal 0.154998 0.213409 0.964589
    outer loop
      vertex 117.286 117.882 5.85317
      vertex 14.9457 16.6161 44.7024
      vertex 117.75 117.545 5.85317
    endloop
  endfacet
  facet normal 0.155038 0.213369 0.964592
    outer loop
      vertex 14.9457 16.6161 44.7024
      vertex 117.286 117.882 5.85317
      vertex 14.8901 16.6565 44.7024
    endloop
  endfacet
  facet normal 0.35676 0.491206 0.794631
    outer loop
      vertex 117.75 119.308 4.76336
      vertex 117.286 117.882 5.85317
      vertex 117.75 117.545 5.85317
    endloop
  endfacet
  facet normal -0 0.358307 0.933604
    outer loop
      vertex 116.714 117.882 5.85317
      vertex 14.8901 16.6565 44.7024
      vertex 117.286 117.882 5.85317
    endloop
  endfacet
  facet normal 1.63772e-05 0.358293 0.933609
    outer loop
      vertex 14.8901 16.6565 44.7024
      vertex 116.714 117.882 5.85317
      vertex 13.9146 17.3653 44.4304
    endloop
  endfacet
  facet normal -0.731746 -0.608022 0.307988
    outer loop
      vertex -17.7242 13.5338 43.855
      vertex -118.964 115.573 4.76336
      vertex -119.427 115.237 3
    endloop
  endfacet
  facet normal -0.731724 -0.607851 0.308379
    outer loop
      vertex -118.964 115.573 4.76336
      vertex -17.7242 13.5338 43.855
      vertex -17.6746 13.5889 44.0813
    endloop
  endfacet
  facet normal -0.276196 0.0897588 0.956901
    outer loop
      vertex -16.0277 15.4181 44.7935
      vertex -117.75 117.545 5.85317
      vertex -16.9987 14.3396 44.6144
    endloop
  endfacet
  facet normal -0.356506 0.491257 0.794714
    outer loop
      vertex -117.75 119.308 4.76336
      vertex -118.964 118.427 4.76336
      vertex -117.75 117.545 5.85317
    endloop
  endfacet
  facet normal -0.276238 0.0897141 0.956893
    outer loop
      vertex -117.927 117 5.85317
      vertex -16.9987 14.3396 44.6144
      vertex -117.75 117.545 5.85317
    endloop
  endfacet
  facet normal -0.276675 0.0892533 0.95681
    outer loop
      vertex -16.9987 14.3396 44.6144
      vertex -117.927 117 5.85317
      vertex -17.0402 14.2935 44.6067
    endloop
  endfacet
  facet normal 0.51297 0.705883 0.488458
    outer loop
      vertex -115.036 118.427 4.76336
      vertex -13.7762 17.4658 44.3238
      vertex -13.7523 17.4831 44.2737
    endloop
  endfacet
  facet normal 0.511991 0.705513 0.490018
    outer loop
      vertex -13.7762 17.4658 44.3238
      vertex -115.036 118.427 4.76336
      vertex -116.25 119.308 4.76336
    endloop
  endfacet
  facet normal 0.561144 0.773245 0.295312
    outer loop
      vertex -116.073 119.853 3
      vertex -116.25 119.308 4.76336
      vertex -115.036 118.427 4.76336
    endloop
  endfacet
  facet normal -0.155038 0.213369 0.964592
    outer loop
      vertex -117.286 117.882 5.85317
      vertex -14.9457 16.6161 44.7024
      vertex -14.8901 16.6565 44.7024
    endloop
  endfacet
  facet normal -0.154998 0.213409 0.964589
    outer loop
      vertex -14.9457 16.6161 44.7024
      vertex -117.286 117.882 5.85317
      vertex -117.75 117.545 5.85317
    endloop
  endfacet
  facet normal -0.155037 0.21337 0.964592
    outer loop
      vertex -14.9551 16.6093 44.7024
      vertex -117.75 117.545 5.85317
      vertex -16.0277 15.4181 44.7935
    endloop
  endfacet
  facet normal -0.154639 0.213766 0.964568
    outer loop
      vertex -117.75 117.545 5.85317
      vertex -14.9551 16.6093 44.7024
      vertex -14.9457 16.6161 44.7024
    endloop
  endfacet
  facet normal -0.707108 -0.707105 -0
    outer loop
      vertex -17.7242 13.5338 43.855
      vertex -119.427 115.237 3
      vertex -17.7242 13.5338 3
    endloop
  endfacet
  facet normal -0.54871 -0.235745 0.802085
    outer loop
      vertex -117.75 116.455 5.85317
      vertex -17.6746 13.5889 44.0813
      vertex -17.5444 13.7336 44.2129
    endloop
  endfacet
  facet normal -0.548727 -0.235768 0.802068
    outer loop
      vertex -17.6746 13.5889 44.0813
      vertex -117.75 116.455 5.85317
      vertex -118.964 115.573 4.76336
    endloop
  endfacet
  facet normal -0.908631 0.295318 0.295258
    outer loop
      vertex -119.427 118.763 3
      vertex -120 117 3
      vertex -119.427 117 4.76336
    endloop
  endfacet
  facet normal 0.561729 0.773021 0.294787
    outer loop
      vertex -114.573 118.763 3
      vertex -116.073 119.853 3
      vertex -115.036 118.427 4.76336
    endloop
  endfacet
  facet normal 0.228024 0.543297 0.807981
    outer loop
      vertex -116.714 117.882 5.85317
      vertex -13.7762 17.4658 44.3238
      vertex -116.25 119.308 4.76336
    endloop
  endfacet
  facet normal 0.227925 0.543225 0.808057
    outer loop
      vertex -13.7762 17.4658 44.3238
      vertex -116.714 117.882 5.85317
      vertex -13.9146 17.3653 44.4304
    endloop
  endfacet
  facet normal -1.63772e-05 0.358293 0.933609
    outer loop
      vertex -116.714 117.882 5.85317
      vertex -14.8901 16.6565 44.7024
      vertex -13.9146 17.3653 44.4304
    endloop
  endfacet
  facet normal 3.07309e-15 0.358307 0.933604
    outer loop
      vertex -14.8901 16.6565 44.7024
      vertex -116.714 117.882 5.85317
      vertex -117.286 117.882 5.85317
    endloop
  endfacet
  facet normal 0.61134 0.732071 0.30056
    outer loop
      vertex -13.4861 17.6765 43.6075
      vertex -115.036 118.427 4.76336
      vertex -13.5492 17.6307 43.8474
    endloop
  endfacet
  facet normal 0.611551 0.732095 0.30007
    outer loop
      vertex -115.036 118.427 4.76336
      vertex -13.4861 17.6765 43.6075
      vertex -114.573 118.763 3
    endloop
  endfacet
  facet normal -0.561144 0.773245 0.295312
    outer loop
      vertex -117.927 119.853 3
      vertex -118.964 118.427 4.76336
      vertex -117.75 119.308 4.76336
    endloop
  endfacet
  facet normal -0.49141 -0.159652 0.85617
    outer loop
      vertex -17.0612 14.2702 44.5903
      vertex -117.75 116.455 5.85317
      vertex -17.5444 13.7336 44.2129
    endloop
  endfacet
  facet normal -0.908767 -0.294856 0.295302
    outer loop
      vertex -119.427 117 4.76336
      vertex -120 117 3
      vertex -118.964 115.573 4.76336
    endloop
  endfacet
  facet normal -0.561729 0.773021 0.294787
    outer loop
      vertex -117.927 119.853 3
      vertex -119.427 118.763 3
      vertex -118.964 118.427 4.76336
    endloop
  endfacet
  facet normal 1.54341e-17 0.955409 0.295287
    outer loop
      vertex -116.073 119.853 3
      vertex -117.75 119.308 4.76336
      vertex -116.25 119.308 4.76336
    endloop
  endfacet
  facet normal 1.24871e-17 0.955409 0.295287
    outer loop
      vertex -117.75 119.308 4.76336
      vertex -116.073 119.853 3
      vertex -117.927 119.853 3
    endloop
  endfacet
  facet normal 0.512818 0.705826 0.488701
    outer loop
      vertex -13.5492 17.6307 43.8474
      vertex -115.036 118.427 4.76336
      vertex -13.7523 17.4831 44.2737
    endloop
  endfacet
  facet normal 0.707105 0.707108 -0
    outer loop
      vertex -13.4861 17.6765 3
      vertex -114.573 118.763 3
      vertex -13.4861 17.6765 43.6075
    endloop
  endfacet
  facet normal 3.6833e-17 0.607218 0.794535
    outer loop
      vertex -116.25 119.308 4.76336
      vertex -117.286 117.882 5.85317
      vertex -116.714 117.882 5.85317
    endloop
  endfacet
  facet normal 1.40456e-17 0.607218 0.794535
    outer loop
      vertex -117.286 117.882 5.85317
      vertex -116.25 119.308 4.76336
      vertex -117.75 119.308 4.76336
    endloop
  endfacet
  facet normal -0.35676 0.491206 0.794631
    outer loop
      vertex -117.75 119.308 4.76336
      vertex -117.75 117.545 5.85317
      vertex -117.286 117.882 5.85317
    endloop
  endfacet
  facet normal -0.577336 -0.187321 0.794729
    outer loop
      vertex -117.75 116.455 5.85317
      vertex -119.427 117 4.76336
      vertex -118.964 115.573 4.76336
    endloop
  endfacet
  facet normal -0.491437 -0.159685 0.856149
    outer loop
      vertex -17.0402 14.2935 44.6067
      vertex -117.75 116.455 5.85317
      vertex -17.0612 14.2702 44.5903
    endloop
  endfacet
  facet normal -0.491353 -0.159577 0.856217
    outer loop
      vertex -117.75 116.455 5.85317
      vertex -17.0402 14.2935 44.6067
      vertex -117.927 117 5.85317
    endloop
  endfacet
  facet normal -0.577358 -0.187509 0.794668
    outer loop
      vertex -117.927 117 5.85317
      vertex -119.427 117 4.76336
      vertex -117.75 116.455 5.85317
    endloop
  endfacet
  facet normal -0.577358 0.187509 0.794668
    outer loop
      vertex -117.75 117.545 5.85317
      vertex -119.427 117 4.76336
      vertex -117.927 117 5.85317
    endloop
  endfacet
  facet normal -0.908741 -0.295354 0.294884
    outer loop
      vertex -118.964 115.573 4.76336
      vertex -120 117 3
      vertex -119.427 115.237 3
    endloop
  endfacet
  facet normal -0.908903 0.2949 0.294839
    outer loop
      vertex -119.427 118.763 3
      vertex -119.427 117 4.76336
      vertex -118.964 118.427 4.76336
    endloop
  endfacet
  facet normal -0.577336 0.187321 0.794729
    outer loop
      vertex -118.964 118.427 4.76336
      vertex -119.427 117 4.76336
      vertex -117.75 117.545 5.85317
    endloop
  endfacet
  facet normal 0.256774 0.353366 0.899555
    outer loop
      vertex 1.5211 22.2276 42.2197
      vertex -2.71352 117.882 5.85317
      vertex 0.313864 22.2276 42.5643
    endloop
  endfacet
  facet normal 1.54341e-17 0.955409 0.295287
    outer loop
      vertex -2.07295 119.853 3
      vertex -3.75 119.308 4.76336
      vertex -2.25 119.308 4.76336
    endloop
  endfacet
  facet normal 1.24865e-17 0.955409 0.295287
    outer loop
      vertex -3.75 119.308 4.76336
      vertex -2.07295 119.853 3
      vertex -3.92705 119.853 3
    endloop
  endfacet
  facet normal 0.908645 0.295296 0.295236
    outer loop
      vertex -0.572948 118.763 3
      vertex -0.572948 117 4.76336
      vertex 0 117 3
    endloop
  endfacet
  facet normal 0 -1 -0
    outer loop
      vertex -22.0501 -2.85317 41.5147
      vertex -117.927 -2.85317 3
      vertex -22.0501 -2.85317 3
    endloop
  endfacet
  facet normal 0.770306 0.250288 0.586502
    outer loop
      vertex 2.32121 22.2276 41.406
      vertex -0.572948 117 4.76336
      vertex 1.8943 22.2276 41.9667
    endloop
  endfacet
  facet normal 0.561287 0.773142 0.29531
    outer loop
      vertex -2.07295 119.853 3
      vertex -2.25 119.308 4.76336
      vertex -1.03647 118.427 4.76336
    endloop
  endfacet
  facet normal -0.999671 -0.0256326 -0
    outer loop
      vertex -3.56325 21.9667 41.1758
      vertex -6 117 3
      vertex -3.56325 21.9667 3
    endloop
  endfacet
  facet normal 0.356689 0.49132 0.794593
    outer loop
      vertex -2.25 119.308 4.76336
      vertex -2.71352 117.882 5.85317
      vertex -1.03647 118.427 4.76336
    endloop
  endfacet
  facet normal -6.50398e-16 0.358307 0.933604
    outer loop
      vertex -2.71352 117.882 5.85317
      vertex -1.32445 22.2276 42.5643
      vertex 0.313864 22.2276 42.5643
    endloop
  endfacet
  facet normal -1.85977e-15 0.358307 0.933604
    outer loop
      vertex -1.32445 22.2276 42.5643
      vertex -2.71352 117.882 5.85317
      vertex -3.28647 117.882 5.85317
    endloop
  endfacet
  facet normal 0.999671 0.0256326 -0
    outer loop
      vertex 2.43058 22.2075 3
      vertex 0 117 3
      vertex 2.43058 22.2075 41.079
    endloop
  endfacet
  facet normal 0.770406 0.250245 0.586389
    outer loop
      vertex 1.8195 22.2276 42.0649
      vertex -0.572948 117 4.76336
      vertex -1.03647 118.427 4.76336
    endloop
  endfacet
  facet normal 0.770175 0.250343 0.586651
    outer loop
      vertex -0.572948 117 4.76336
      vertex 1.8195 22.2276 42.0649
      vertex 1.8943 22.2276 41.9667
    endloop
  endfacet
  facet normal -0.908722 0.295178 0.295118
    outer loop
      vertex -5.42705 118.763 3
      vertex -5.42705 117 4.76336
      vertex -4.96352 118.427 4.76336
    endloop
  endfacet
  facet normal -0.357075 0.491143 0.794529
    outer loop
      vertex -3.75 119.308 4.76336
      vertex -3.75 117.545 5.85317
      vertex -3.28647 117.882 5.85317
    endloop
  endfacet
  facet normal -0.724536 0.235427 0.647782
    outer loop
      vertex -2.95637 22.0957 42.0184
      vertex -5.42705 117 4.76336
      vertex -3.45615 21.9895 41.498
    endloop
  endfacet
  facet normal -0.908645 0.295297 0.295236
    outer loop
      vertex -5.42705 118.763 3
      vertex -6 117 3
      vertex -5.42705 117 4.76336
    endloop
  endfacet
  facet normal -0.94636 0.0992564 0.307491
    outer loop
      vertex -3.56325 21.9667 41.1758
      vertex -5.42705 117 4.76336
      vertex -6 117 3
    endloop
  endfacet
  facet normal -0.946342 0.099276 0.307541
    outer loop
      vertex -5.42705 117 4.76336
      vertex -3.56325 21.9667 41.1758
      vertex -3.45615 21.9895 41.498
    endloop
  endfacet
  facet normal 0.561701 0.772984 0.294939
    outer loop
      vertex -0.572948 118.763 3
      vertex -2.07295 119.853 3
      vertex -1.03647 118.427 4.76336
    endloop
  endfacet
  facet normal 0.908724 0.295174 0.295114
    outer loop
      vertex -0.572948 118.763 3
      vertex -1.03647 118.427 4.76336
      vertex -0.572948 117 4.76336
    endloop
  endfacet
  facet normal -0.356629 0.491233 0.794674
    outer loop
      vertex -3.75 119.308 4.76336
      vertex -4.96352 118.427 4.76336
      vertex -3.75 117.545 5.85317
    endloop
  endfacet
  facet normal 0.356917 0.490915 0.794741
    outer loop
      vertex -1.03647 118.427 4.76336
      vertex -2.71352 117.882 5.85317
      vertex -2.25 117.545 5.85317
    endloop
  endfacet
  facet normal 0.256426 0.353388 0.899646
    outer loop
      vertex -2.25 117.545 5.85317
      vertex 1.5211 22.2276 42.2197
      vertex 1.60039 22.2276 42.1971
    endloop
  endfacet
  facet normal 0.256908 0.353359 0.89952
    outer loop
      vertex 1.5211 22.2276 42.2197
      vertex -2.25 117.545 5.85317
      vertex -2.71352 117.882 5.85317
    endloop
  endfacet
  facet normal 0.48792 0.328126 0.808868
    outer loop
      vertex -2.25 117.545 5.85317
      vertex 1.8195 22.2276 42.0649
      vertex -1.03647 118.427 4.76336
    endloop
  endfacet
  facet normal 0.488003 0.328112 0.808823
    outer loop
      vertex 1.8195 22.2276 42.0649
      vertex -2.25 117.545 5.85317
      vertex 1.60039 22.2276 42.1971
    endloop
  endfacet
  facet normal 0.940816 0.146833 0.30546
    outer loop
      vertex 2.33621 22.2276 41.3598
      vertex -0.572948 117 4.76336
      vertex 2.32121 22.2276 41.406
    endloop
  endfacet
  facet normal 0.940745 0.146903 0.305646
    outer loop
      vertex 2.43058 22.2075 41.079
      vertex -0.572948 117 4.76336
      vertex 2.33621 22.2276 41.3598
    endloop
  endfacet
  facet normal 0.940738 0.146909 0.305663
    outer loop
      vertex -0.572948 117 4.76336
      vertex 2.43058 22.2075 41.079
      vertex 0 117 3
    endloop
  endfacet
  facet normal -0.505916 0.302263 0.80789
    outer loop
      vertex -3.75 117.545 5.85317
      vertex -2.86952 22.1142 42.1089
      vertex -2.66009 22.1587 42.2234
    endloop
  endfacet
  facet normal -0.505861 0.302275 0.80792
    outer loop
      vertex -2.86952 22.1142 42.1089
      vertex -3.75 117.545 5.85317
      vertex -4.96352 118.427 4.76336
    endloop
  endfacet
  facet normal -0.724642 0.235384 0.647679
    outer loop
      vertex -5.42705 117 4.76336
      vertex -2.86952 22.1142 42.1089
      vertex -4.96352 118.427 4.76336
    endloop
  endfacet
  facet normal -0.724831 0.235307 0.647496
    outer loop
      vertex -2.86952 22.1142 42.1089
      vertex -5.42705 117 4.76336
      vertex -2.95637 22.0957 42.0184
    endloop
  endfacet
  facet normal 3.67719e-17 0.607218 0.794535
    outer loop
      vertex -2.25 119.308 4.76336
      vertex -3.28647 117.882 5.85317
      vertex -2.71352 117.882 5.85317
    endloop
  endfacet
  facet normal 1.40456e-17 0.607218 0.794535
    outer loop
      vertex -3.28647 117.882 5.85317
      vertex -2.25 119.308 4.76336
      vertex -3.75 119.308 4.76336
    endloop
  endfacet
  facet normal -0.24882 0.342586 0.905938
    outer loop
      vertex -2.33621 22.2276 42.2863
      vertex -3.75 117.545 5.85317
      vertex -2.66009 22.1587 42.2234
    endloop
  endfacet
  facet normal -0.24895 0.342572 0.905907
    outer loop
      vertex -3.75 117.545 5.85317
      vertex -2.33621 22.2276 42.2863
      vertex -1.40392 22.2276 42.5425
    endloop
  endfacet
  facet normal -0.249051 0.34256 0.905884
    outer loop
      vertex -3.75 117.545 5.85317
      vertex -1.32445 22.2276 42.5643
      vertex -3.28647 117.882 5.85317
    endloop
  endfacet
  facet normal -0.248533 0.34262 0.906004
    outer loop
      vertex -1.32445 22.2276 42.5643
      vertex -3.75 117.545 5.85317
      vertex -1.40392 22.2276 42.5425
    endloop
  endfacet
  facet normal -0.56129 0.77314 0.29531
    outer loop
      vertex -3.92705 119.853 3
      vertex -4.96352 118.427 4.76336
      vertex -3.75 119.308 4.76336
    endloop
  endfacet
  facet normal -0.561701 0.772983 0.294941
    outer loop
      vertex -3.92705 119.853 3
      vertex -5.42705 118.763 3
      vertex -4.96352 118.427 4.76336
    endloop
  endfacet
  facet normal 0.122216 0.944723 0.304241
    outer loop
      vertex 117.75 2.30826 4.76336
      vertex 22.0501 2.85317 41.5147
      vertex 22.0605 2.7546 41.8166
    endloop
  endfacet
  facet normal 0.122203 0.944735 0.304207
    outer loop
      vertex 22.0501 2.85317 41.5147
      vertex 117.75 2.30826 4.76336
      vertex 117.927 2.85317 3
    endloop
  endfacet
  facet normal 0.56144 0.773056 0.295244
    outer loop
      vertex 117.927 2.85317 3
      vertex 117.75 2.30826 4.76336
      vertex 118.964 1.42658 4.76336
    endloop
  endfacet
  facet normal 0.577355 -0.18754 0.794664
    outer loop
      vertex 117.927 0 5.85317
      vertex 117.75 -0.544907 5.85317
      vertex 119.427 0 4.76336
    endloop
  endfacet
  facet normal 0.356176 -0.115695 0.927229
    outer loop
      vertex 22.35 0 42.5671
      vertex 117.75 -0.544907 5.85317
      vertex 117.927 0 5.85317
    endloop
  endfacet
  facet normal 0.356145 -0.116359 0.927158
    outer loop
      vertex 117.75 -0.544907 5.85317
      vertex 22.35 0 42.5671
      vertex 22.3403 -0.0918404 42.5593
    endloop
  endfacet
  facet normal 0.324088 0.446006 0.834294
    outer loop
      vertex 117.75 0.544907 5.85317
      vertex 22.0941 2.43494 42.0011
      vertex 22.1866 1.55458 42.4358
    endloop
  endfacet
  facet normal 0 1 0
    outer loop
      vertex 117.927 2.85317 3
      vertex 22.0501 2.85317 3
      vertex 22.0501 2.85317 41.5147
    endloop
  endfacet
  facet normal 0.324088 -0.446006 0.834294
    outer loop
      vertex 22.1866 -1.55458 42.4358
      vertex 22.0941 -2.43494 42.0011
      vertex 117.75 -0.544907 5.85317
    endloop
  endfacet
  facet normal 0.90884 0.294966 0.294966
    outer loop
      vertex 119.427 1.76336 3
      vertex 118.964 1.42658 4.76336
      vertex 119.427 0 4.76336
    endloop
  endfacet
  facet normal 0.356174 -0.115712 0.927227
    outer loop
      vertex 22.3403 -0.0918404 42.5593
      vertex 22.1866 -1.55458 42.4358
      vertex 117.75 -0.544907 5.85317
    endloop
  endfacet
  facet normal 0.356174 0.115712 0.927227
    outer loop
      vertex 117.75 0.544907 5.85317
      vertex 22.1866 1.55458 42.4358
      vertex 22.3403 0.0918404 42.5593
    endloop
  endfacet
  facet normal 0.577336 0.187376 0.794716
    outer loop
      vertex 118.964 1.42658 4.76336
      vertex 117.75 0.544907 5.85317
      vertex 119.427 0 4.76336
    endloop
  endfacet
  facet normal 0.561609 0.772991 0.295092
    outer loop
      vertex 119.427 1.76336 3
      vertex 117.927 2.85317 3
      vertex 118.964 1.42658 4.76336
    endloop
  endfacet
  facet normal 0.356701 -0.491147 0.794694
    outer loop
      vertex 117.75 -0.544907 5.85317
      vertex 117.75 -2.30826 4.76336
      vertex 118.964 -1.42658 4.76336
    endloop
  endfacet
  facet normal 0.908647 0.295263 0.295263
    outer loop
      vertex 119.427 1.76336 3
      vertex 119.427 0 4.76336
      vertex 120 0 3
    endloop
  endfacet
  facet normal 0.312579 -0.510463 0.801075
    outer loop
      vertex 22.0605 -2.7546 41.8166
      vertex 117.286 -0.881678 5.85317
      vertex 22.0878 -2.49464 41.9716
    endloop
  endfacet
  facet normal 0.312602 -0.510343 0.801143
    outer loop
      vertex 117.286 -0.881678 5.85317
      vertex 22.0605 -2.7546 41.8166
      vertex 117.75 -2.30826 4.76336
    endloop
  endfacet
  facet normal 0.356701 0.491147 0.794694
    outer loop
      vertex 117.75 2.30826 4.76336
      vertex 117.75 0.544907 5.85317
      vertex 118.964 1.42658 4.76336
    endloop
  endfacet
  facet normal 0.32402 0.446432 0.834092
    outer loop
      vertex 117.286 0.881678 5.85317
      vertex 22.0941 2.43494 42.0011
      vertex 117.75 0.544907 5.85317
    endloop
  endfacet
  facet normal 0.324031 0.446366 0.834123
    outer loop
      vertex 22.0941 2.43494 42.0011
      vertex 117.286 0.881678 5.85317
      vertex 22.0878 2.49464 41.9716
    endloop
  endfacet
  facet normal 0.908647 -0.295263 0.295263
    outer loop
      vertex 119.427 0 4.76336
      vertex 119.427 -1.76336 3
      vertex 120 0 3
    endloop
  endfacet
  facet normal 0.122216 -0.944723 0.304241
    outer loop
      vertex 22.0501 -2.85317 41.5147
      vertex 117.75 -2.30826 4.76336
      vertex 22.0605 -2.7546 41.8166
    endloop
  endfacet
  facet normal 0.122203 -0.944735 0.304207
    outer loop
      vertex 117.75 -2.30826 4.76336
      vertex 22.0501 -2.85317 41.5147
      vertex 117.927 -2.85317 3
    endloop
  endfacet
  facet normal 0.561609 -0.772991 0.295092
    outer loop
      vertex 118.964 -1.42658 4.76336
      vertex 117.927 -2.85317 3
      vertex 119.427 -1.76336 3
    endloop
  endfacet
  facet normal 0.56144 -0.773056 0.295244
    outer loop
      vertex 118.964 -1.42658 4.76336
      vertex 117.75 -2.30826 4.76336
      vertex 117.927 -2.85317 3
    endloop
  endfacet
  facet normal 0.356503 -0.491187 0.794758
    outer loop
      vertex 117.75 -0.544907 5.85317
      vertex 117.286 -0.881678 5.85317
      vertex 117.75 -2.30826 4.76336
    endloop
  endfacet
  facet normal 0.32402 -0.446432 0.834092
    outer loop
      vertex 22.0941 -2.43494 42.0011
      vertex 117.286 -0.881678 5.85317
      vertex 117.75 -0.544907 5.85317
    endloop
  endfacet
  facet normal 0.324031 -0.446366 0.834123
    outer loop
      vertex 117.286 -0.881678 5.85317
      vertex 22.0941 -2.43494 42.0011
      vertex 22.0878 -2.49464 41.9716
    endloop
  endfacet
  facet normal 0.577355 0.18754 0.794664
    outer loop
      vertex 119.427 0 4.76336
      vertex 117.75 0.544907 5.85317
      vertex 117.927 0 5.85317
    endloop
  endfacet
  facet normal 0.356176 0.115695 0.927229
    outer loop
      vertex 117.75 0.544907 5.85317
      vertex 22.35 0 42.5671
      vertex 117.927 0 5.85317
    endloop
  endfacet
  facet normal 0.356145 0.116359 0.927158
    outer loop
      vertex 22.35 0 42.5671
      vertex 117.75 0.544907 5.85317
      vertex 22.3403 0.0918404 42.5593
    endloop
  endfacet
  facet normal 0.356503 0.491187 0.794758
    outer loop
      vertex 117.75 2.30826 4.76336
      vertex 117.286 0.881678 5.85317
      vertex 117.75 0.544907 5.85317
    endloop
  endfacet
  facet normal 0.312602 0.510343 0.801143
    outer loop
      vertex 22.0605 2.7546 41.8166
      vertex 117.286 0.881678 5.85317
      vertex 117.75 2.30826 4.76336
    endloop
  endfacet
  facet normal 0.312579 0.510463 0.801075
    outer loop
      vertex 117.286 0.881678 5.85317
      vertex 22.0605 2.7546 41.8166
      vertex 22.0878 2.49464 41.9716
    endloop
  endfacet
  facet normal 0 -1 0
    outer loop
      vertex 22.0501 -2.85317 41.5147
      vertex 22.0501 -2.85317 3
      vertex 117.927 -2.85317 3
    endloop
  endfacet
  facet normal 0.90884 -0.294966 0.294966
    outer loop
      vertex 119.427 0 4.76336
      vertex 118.964 -1.42658 4.76336
      vertex 119.427 -1.76336 3
    endloop
  endfacet
  facet normal 0.577336 -0.187376 0.794716
    outer loop
      vertex 119.427 0 4.76336
      vertex 117.75 -0.544907 5.85317
      vertex 118.964 -1.42658 4.76336
    endloop
  endfacet
  facet normal -0.356174 0.115712 0.927227
    outer loop
      vertex -22.1866 1.55458 42.4358
      vertex -117.75 0.544907 5.85317
      vertex -22.3403 0.0918404 42.5593
    endloop
  endfacet
  facet normal -0.122216 -0.944723 0.304241
    outer loop
      vertex -117.75 -2.30826 4.76336
      vertex -22.0501 -2.85317 41.5147
      vertex -22.0605 -2.7546 41.8166
    endloop
  endfacet
  facet normal -0.122203 -0.944735 0.304207
    outer loop
      vertex -22.0501 -2.85317 41.5147
      vertex -117.75 -2.30826 4.76336
      vertex -117.927 -2.85317 3
    endloop
  endfacet
  facet normal -0.356145 0.116359 0.927158
    outer loop
      vertex -117.75 0.544907 5.85317
      vertex -22.35 0 42.5671
      vertex -22.3403 0.0918404 42.5593
    endloop
  endfacet
  facet normal -0.356176 0.115695 0.927229
    outer loop
      vertex -22.35 0 42.5671
      vertex -117.75 0.544907 5.85317
      vertex -117.927 0 5.85317
    endloop
  endfacet
  facet normal -0.324088 -0.446006 0.834294
    outer loop
      vertex -22.1866 -1.55458 42.4358
      vertex -117.75 -0.544907 5.85317
      vertex -22.0941 -2.43494 42.0011
    endloop
  endfacet
  facet normal -0.122216 0.944723 0.304241
    outer loop
      vertex -22.0501 2.85317 41.5147
      vertex -117.75 2.30826 4.76336
      vertex -22.0605 2.7546 41.8166
    endloop
  endfacet
  facet normal -0.122203 0.944735 0.304207
    outer loop
      vertex -117.75 2.30826 4.76336
      vertex -22.0501 2.85317 41.5147
      vertex -117.927 2.85317 3
    endloop
  endfacet
  facet normal -0.577336 0.187376 0.794716
    outer loop
      vertex -118.964 1.42658 4.76336
      vertex -119.427 0 4.76336
      vertex -117.75 0.544907 5.85317
    endloop
  endfacet
  facet normal -0.356701 0.491147 0.794694
    outer loop
      vertex -117.75 2.30826 4.76336
      vertex -118.964 1.42658 4.76336
      vertex -117.75 0.544907 5.85317
    endloop
  endfacet
  facet normal -0.324031 0.446366 0.834123
    outer loop
      vertex -117.286 0.881678 5.85317
      vertex -22.0941 2.43494 42.0011
      vertex -22.0878 2.49464 41.9716
    endloop
  endfacet
  facet normal -0.32402 0.446432 0.834092
    outer loop
      vertex -22.0941 2.43494 42.0011
      vertex -117.286 0.881678 5.85317
      vertex -117.75 0.544907 5.85317
    endloop
  endfacet
  facet normal -0.356174 -0.115712 0.927227
    outer loop
      vertex -22.3403 -0.0918404 42.5593
      vertex -117.75 -0.544907 5.85317
      vertex -22.1866 -1.55458 42.4358
    endloop
  endfacet
  facet normal -0.577336 -0.187376 0.794716
    outer loop
      vertex -117.75 -0.544907 5.85317
      vertex -119.427 0 4.76336
      vertex -118.964 -1.42658 4.76336
    endloop
  endfacet
  facet normal -0.908647 -0.295263 0.295263
    outer loop
      vertex -119.427 0 4.76336
      vertex -120 0 3
      vertex -119.427 -1.76336 3
    endloop
  endfacet
  facet normal -0.90884 -0.294966 0.294966
    outer loop
      vertex -119.427 0 4.76336
      vertex -119.427 -1.76336 3
      vertex -118.964 -1.42658 4.76336
    endloop
  endfacet
  facet normal -0.356503 -0.491187 0.794758
    outer loop
      vertex -117.75 -0.544907 5.85317
      vertex -117.75 -2.30826 4.76336
      vertex -117.286 -0.881678 5.85317
    endloop
  endfacet
  facet normal -0.356145 -0.116359 0.927158
    outer loop
      vertex -22.35 0 42.5671
      vertex -117.75 -0.544907 5.85317
      vertex -22.3403 -0.0918404 42.5593
    endloop
  endfacet
  facet normal -0.356176 -0.115695 0.927229
    outer loop
      vertex -117.75 -0.544907 5.85317
      vertex -22.35 0 42.5671
      vertex -117.927 0 5.85317
    endloop
  endfacet
  facet normal 0 1 -0
    outer loop
      vertex -22.0501 2.85317 3
      vertex -117.927 2.85317 3
      vertex -22.0501 2.85317 41.5147
    endloop
  endfacet
  facet normal -0.56144 0.773056 0.295244
    outer loop
      vertex -117.927 2.85317 3
      vertex -118.964 1.42658 4.76336
      vertex -117.75 2.30826 4.76336
    endloop
  endfacet
  facet normal -0.561609 -0.772991 0.295092
    outer loop
      vertex -118.964 -1.42658 4.76336
      vertex -119.427 -1.76336 3
      vertex -117.927 -2.85317 3
    endloop
  endfacet
  facet normal -0.324088 0.446006 0.834294
    outer loop
      vertex -22.0941 2.43494 42.0011
      vertex -117.75 0.544907 5.85317
      vertex -22.1866 1.55458 42.4358
    endloop
  endfacet
  facet normal -0.561609 0.772991 0.295092
    outer loop
      vertex -117.927 2.85317 3
      vertex -119.427 1.76336 3
      vertex -118.964 1.42658 4.76336
    endloop
  endfacet
  facet normal -0.90884 0.294966 0.294966
    outer loop
      vertex -119.427 1.76336 3
      vertex -119.427 0 4.76336
      vertex -118.964 1.42658 4.76336
    endloop
  endfacet
  facet normal -0.908647 0.295263 0.295263
    outer loop
      vertex -119.427 1.76336 3
      vertex -120 0 3
      vertex -119.427 0 4.76336
    endloop
  endfacet
  facet normal -0.356701 -0.491147 0.794694
    outer loop
      vertex -117.75 -0.544907 5.85317
      vertex -118.964 -1.42658 4.76336
      vertex -117.75 -2.30826 4.76336
    endloop
  endfacet
  facet normal -0.56144 -0.773056 0.295244
    outer loop
      vertex -117.75 -2.30826 4.76336
      vertex -118.964 -1.42658 4.76336
      vertex -117.927 -2.85317 3
    endloop
  endfacet
  facet normal -0.577355 -0.18754 0.794664
    outer loop
      vertex -117.927 0 5.85317
      vertex -119.427 0 4.76336
      vertex -117.75 -0.544907 5.85317
    endloop
  endfacet
  facet normal -0.577355 0.18754 0.794664
    outer loop
      vertex -117.75 0.544907 5.85317
      vertex -119.427 0 4.76336
      vertex -117.927 0 5.85317
    endloop
  endfacet
  facet normal -0.312579 0.510463 0.801075
    outer loop
      vertex -22.0605 2.7546 41.8166
      vertex -117.286 0.881678 5.85317
      vertex -22.0878 2.49464 41.9716
    endloop
  endfacet
  facet normal -0.312602 0.510343 0.801143
    outer loop
      vertex -117.286 0.881678 5.85317
      vertex -22.0605 2.7546 41.8166
      vertex -117.75 2.30826 4.76336
    endloop
  endfacet
  facet normal -0.356503 0.491187 0.794758
    outer loop
      vertex -117.75 2.30826 4.76336
      vertex -117.75 0.544907 5.85317
      vertex -117.286 0.881678 5.85317
    endloop
  endfacet
  facet normal -0.312579 -0.510463 0.801075
    outer loop
      vertex -117.286 -0.881678 5.85317
      vertex -22.0605 -2.7546 41.8166
      vertex -22.0878 -2.49464 41.9716
    endloop
  endfacet
  facet normal -0.312602 -0.510343 0.801143
    outer loop
      vertex -22.0605 -2.7546 41.8166
      vertex -117.286 -0.881678 5.85317
      vertex -117.75 -2.30826 4.76336
    endloop
  endfacet
  facet normal -0.324031 -0.446366 0.834123
    outer loop
      vertex -22.0941 -2.43494 42.0011
      vertex -117.286 -0.881678 5.85317
      vertex -22.0878 -2.49464 41.9716
    endloop
  endfacet
  facet normal -0.32402 -0.446432 0.834092
    outer loop
      vertex -117.286 -0.881678 5.85317
      vertex -22.0941 -2.43494 42.0011
      vertex -117.75 -0.544907 5.85317
    endloop
  endfacet
  facet normal -0.207907 -0.978149 0
    outer loop
      vertex 2.12715 20.2385 5
      vertex 6.2885 19.354 9
      vertex 2.12715 20.2385 9
    endloop
  endfacet
  facet normal -0.207907 -0.978149 -0
    outer loop
      vertex 6.2885 19.354 9
      vertex 2.12715 20.2385 5
      vertex 6.2885 19.354 5
    endloop
  endfacet
  facet normal -0.587783 -0.809019 0
    outer loop
      vertex 10.175 17.6236 5
      vertex 13.6168 15.123 9
      vertex 10.175 17.6236 9
    endloop
  endfacet
  facet normal -0.587783 -0.809019 -0
    outer loop
      vertex 13.6168 15.123 9
      vertex 10.175 17.6236 5
      vertex 13.6168 15.123 5
    endloop
  endfacet
  facet normal 0.866029 -0.499993 -2.2651e-17
    outer loop
      vertex -18.5906 8.27709 9
      vertex -16.4635 11.9614 5
      vertex -16.4635 11.9614 9
    endloop
  endfacet
  facet normal 0.866029 -0.499993 -2.2651e-17
    outer loop
      vertex -16.4635 11.9614 5
      vertex -18.5906 8.27709 9
      vertex -18.5906 8.27709 5
    endloop
  endfacet
  facet normal 0.994522 0.104529 -1.66825e-18
    outer loop
      vertex -19.9053 -4.231 9
      vertex -20.35 0 5
      vertex -20.35 0 9
    endloop
  endfacet
  facet normal 0.994522 0.104529 -1.66825e-18
    outer loop
      vertex -20.35 0 5
      vertex -19.9053 -4.231 9
      vertex -19.9053 -4.231 5
    endloop
  endfacet
  facet normal -0.994522 0.104529 1.66825e-18
    outer loop
      vertex 19.9053 -4.231 5
      vertex 20.35 0 9
      vertex 20.35 0 5
    endloop
  endfacet
  facet normal -0.994522 0.104529 1.66825e-18
    outer loop
      vertex 20.35 0 9
      vertex 19.9053 -4.231 5
      vertex 19.9053 -4.231 9
    endloop
  endfacet
  facet normal -0.866029 -0.499993 2.2651e-17
    outer loop
      vertex 18.5906 8.27709 5
      vertex 16.4635 11.9614 9
      vertex 16.4635 11.9614 5
    endloop
  endfacet
  facet normal -0.866029 -0.499993 2.2651e-17
    outer loop
      vertex 16.4635 11.9614 9
      vertex 18.5906 8.27709 5
      vertex 18.5906 8.27709 9
    endloop
  endfacet
  facet normal 0 0 -1
    outer loop
      vertex -17.5959 -10 9
      vertex -14.35 -9.65498 9
      vertex -14.35 -10 9
    endloop
  endfacet
  facet normal -0 0 -1
    outer loop
      vertex -15.85 -7.05688 9
      vertex -18.5906 -8.27709 9
      vertex -16.9709 -3.60727 9
    endloop
  endfacet
  facet normal 0 0 -1
    outer loop
      vertex -18.5906 -8.27709 9
      vertex -15.85 -7.05688 9
      vertex -17.5959 -10 9
    endloop
  endfacet
  facet normal -0 0 -1
    outer loop
      vertex -14.35 -9.65498 9
      vertex -17.5959 -10 9
      vertex -15.85 -7.05688 9
    endloop
  endfacet
  facet normal 0 0 -1
    outer loop
      vertex 19.9053 -4.231 9
      vertex 16.9709 -3.60727 9
      vertex 17.35 0 9
    endloop
  endfacet
  facet normal 0 0 -1
    outer loop
      vertex 18.5906 -8.27709 9
      vertex 15.85 -7.05688 9
      vertex 16.9709 -3.60727 9
    endloop
  endfacet
  facet normal 0 0 -1
    outer loop
      vertex 14.35 -9.65498 9
      vertex 17.5959 -10 9
      vertex 14.35 -10 9
    endloop
  endfacet
  facet normal 0 0 -1
    outer loop
      vertex 17.5959 -10 9
      vertex 14.35 -9.65498 9
      vertex 15.85 -7.05688 9
    endloop
  endfacet
  facet normal 0 0 -1
    outer loop
      vertex 17.35 0 9
      vertex 20.35 0 9
      vertex 19.9053 -4.231 9
    endloop
  endfacet
  facet normal 0 0 -1
    outer loop
      vertex 16.9709 -3.60727 9
      vertex 19.9053 -4.231 9
      vertex 18.5906 -8.27709 9
    endloop
  endfacet
  facet normal 0 0 -1
    outer loop
      vertex 20.35 0 9
      vertex 17.35 0 9
      vertex 19.9053 4.231 9
    endloop
  endfacet
  facet normal 0 0 -1
    outer loop
      vertex 15.85 -7.05688 9
      vertex 18.5906 -8.27709 9
      vertex 17.5959 -10 9
    endloop
  endfacet
  facet normal 0 0 -1
    outer loop
      vertex 16.9709 3.60727 9
      vertex 19.9053 4.231 9
      vertex 17.35 0 9
    endloop
  endfacet
  facet normal -0 0 -1
    outer loop
      vertex 19.9053 4.231 9
      vertex 16.9709 3.60727 9
      vertex 18.5906 8.27709 9
    endloop
  endfacet
  facet normal 0 0 -1
    outer loop
      vertex 15.85 7.05688 9
      vertex 18.5906 8.27709 9
      vertex 16.9709 3.60727 9
    endloop
  endfacet
  facet normal -0 0 -1
    outer loop
      vertex 18.5906 8.27709 9
      vertex 15.85 7.05688 9
      vertex 16.4635 11.9614 9
    endloop
  endfacet
  facet normal 0 0 -1
    outer loop
      vertex 14.0364 10.1981 9
      vertex 16.4635 11.9614 9
      vertex 15.85 7.05688 9
    endloop
  endfacet
  facet normal 0 0 -1
    outer loop
      vertex 14.0364 10.1981 9
      vertex 13.6168 15.123 9
      vertex 16.4635 11.9614 9
    endloop
  endfacet
  facet normal 0 0 -1
    outer loop
      vertex 11.6094 12.8936 9
      vertex 13.6168 15.123 9
      vertex 14.0364 10.1981 9
    endloop
  endfacet
  facet normal 0 0 -1
    outer loop
      vertex 11.6094 12.8936 9
      vertex 10.175 17.6236 9
      vertex 13.6168 15.123 9
    endloop
  endfacet
  facet normal 0 0 -1
    outer loop
      vertex 8.675 15.0255 9
      vertex 10.175 17.6236 9
      vertex 11.6094 12.8936 9
    endloop
  endfacet
  facet normal 0 0 -1
    outer loop
      vertex 8.675 15.0255 9
      vertex 6.2885 19.354 9
      vertex 10.175 17.6236 9
    endloop
  endfacet
  facet normal 0 0 -1
    outer loop
      vertex 5.36144 16.5008 9
      vertex 6.2885 19.354 9
      vertex 8.675 15.0255 9
    endloop
  endfacet
  facet normal 0 0 -1
    outer loop
      vertex 5.36144 16.5008 9
      vertex 2.12715 20.2385 9
      vertex 6.2885 19.354 9
    endloop
  endfacet
  facet normal 0 0 -1
    outer loop
      vertex 1.81357 17.255 9
      vertex 2.12715 20.2385 9
      vertex 5.36144 16.5008 9
    endloop
  endfacet
  facet normal 0 0 -1
    outer loop
      vertex -1.81357 17.255 9
      vertex 2.12715 20.2385 9
      vertex 1.81357 17.255 9
    endloop
  endfacet
  facet normal 0 0 -1
    outer loop
      vertex -1.81357 17.255 9
      vertex -2.12715 20.2385 9
      vertex 2.12715 20.2385 9
    endloop
  endfacet
  facet normal 0 0 -1
    outer loop
      vertex -5.36144 16.5008 9
      vertex -2.12715 20.2385 9
      vertex -1.81357 17.255 9
    endloop
  endfacet
  facet normal 0 0 -1
    outer loop
      vertex -5.36144 16.5008 9
      vertex -6.2885 19.354 9
      vertex -2.12715 20.2385 9
    endloop
  endfacet
  facet normal 0 0 -1
    outer loop
      vertex -8.675 15.0255 9
      vertex -6.2885 19.354 9
      vertex -5.36144 16.5008 9
    endloop
  endfacet
  facet normal 0 0 -1
    outer loop
      vertex -8.675 15.0255 9
      vertex -10.175 17.6236 9
      vertex -6.2885 19.354 9
    endloop
  endfacet
  facet normal 0 0 -1
    outer loop
      vertex -11.6094 12.8936 9
      vertex -10.175 17.6236 9
      vertex -8.675 15.0255 9
    endloop
  endfacet
  facet normal 0 0 -1
    outer loop
      vertex -11.6094 12.8936 9
      vertex -13.6168 15.123 9
      vertex -10.175 17.6236 9
    endloop
  endfacet
  facet normal 0 0 -1
    outer loop
      vertex -14.0364 10.1981 9
      vertex -13.6168 15.123 9
      vertex -11.6094 12.8936 9
    endloop
  endfacet
  facet normal 0 0 -1
    outer loop
      vertex -16.4635 11.9614 9
      vertex -14.0364 10.1981 9
      vertex -15.85 7.05688 9
    endloop
  endfacet
  facet normal 0 0 -1
    outer loop
      vertex -14.0364 10.1981 9
      vertex -16.4635 11.9614 9
      vertex -13.6168 15.123 9
    endloop
  endfacet
  facet normal 0 0 -1
    outer loop
      vertex -18.5906 8.27709 9
      vertex -15.85 7.05688 9
      vertex -16.9709 3.60727 9
    endloop
  endfacet
  facet normal 0 0 -1
    outer loop
      vertex -19.9053 4.231 9
      vertex -16.9709 3.60727 9
      vertex -17.35 0 9
    endloop
  endfacet
  facet normal 0 0 -1
    outer loop
      vertex -19.9053 -4.231 9
      vertex -16.9709 -3.60727 9
      vertex -18.5906 -8.27709 9
    endloop
  endfacet
  facet normal -0 0 -1
    outer loop
      vertex -16.9709 -3.60727 9
      vertex -19.9053 -4.231 9
      vertex -17.35 0 9
    endloop
  endfacet
  facet normal 0 0 -1
    outer loop
      vertex -15.85 7.05688 9
      vertex -18.5906 8.27709 9
      vertex -16.4635 11.9614 9
    endloop
  endfacet
  facet normal 0 0 -1
    outer loop
      vertex -20.35 0 9
      vertex -17.35 0 9
      vertex -19.9053 -4.231 9
    endloop
  endfacet
  facet normal 0 0 -1
    outer loop
      vertex -16.9709 3.60727 9
      vertex -19.9053 4.231 9
      vertex -18.5906 8.27709 9
    endloop
  endfacet
  facet normal 0 0 -1
    outer loop
      vertex -17.35 0 9
      vertex -20.35 0 9
      vertex -19.9053 4.231 9
    endloop
  endfacet
  facet normal -0.994522 -0.104529 -1.66825e-18
    outer loop
      vertex 20.35 0 5
      vertex 19.9053 4.231 9
      vertex 19.9053 4.231 5
    endloop
  endfacet
  facet normal -0.994522 -0.104529 -1.66825e-18
    outer loop
      vertex 19.9053 4.231 9
      vertex 20.35 0 5
      vertex 20.35 0 9
    endloop
  endfacet
  facet normal 0.40674 -0.913544 0
    outer loop
      vertex -10.175 17.6236 5
      vertex -6.2885 19.354 9
      vertex -10.175 17.6236 9
    endloop
  endfacet
  facet normal 0.40674 -0.913544 0
    outer loop
      vertex -6.2885 19.354 9
      vertex -10.175 17.6236 5
      vertex -6.2885 19.354 5
    endloop
  endfacet
  facet normal -0.951053 -0.309027 1.9319e-17
    outer loop
      vertex 19.9053 4.231 5
      vertex 18.5906 8.27709 9
      vertex 18.5906 8.27709 5
    endloop
  endfacet
  facet normal -0.951053 -0.309027 1.9319e-17
    outer loop
      vertex 18.5906 8.27709 9
      vertex 19.9053 4.231 5
      vertex 19.9053 4.231 9
    endloop
  endfacet
  facet normal 0 0 1
    outer loop
      vertex 17.35 0 5
      vertex 20.35 0 5
      vertex 19.9053 4.231 5
    endloop
  endfacet
  facet normal 0 0 1
    outer loop
      vertex 16.9709 3.60727 5
      vertex 19.9053 4.231 5
      vertex 18.5906 8.27709 5
    endloop
  endfacet
  facet normal 0 0 1
    outer loop
      vertex 20.35 0 5
      vertex 17.35 0 5
      vertex 19.9053 -4.231 5
    endloop
  endfacet
  facet normal -0 0 1
    outer loop
      vertex 16.9709 -3.60727 5
      vertex 19.9053 -4.231 5
      vertex 17.35 0 5
    endloop
  endfacet
  facet normal 0 0 1
    outer loop
      vertex 19.9053 -4.231 5
      vertex 16.9709 -3.60727 5
      vertex 18.5906 -8.27709 5
    endloop
  endfacet
  facet normal 0 0 1
    outer loop
      vertex 19.9053 4.231 5
      vertex 16.9709 3.60727 5
      vertex 17.35 0 5
    endloop
  endfacet
  facet normal 0 0 1
    outer loop
      vertex 15.85 7.05688 5
      vertex 18.5906 8.27709 5
      vertex 16.4635 11.9614 5
    endloop
  endfacet
  facet normal 0 0 1
    outer loop
      vertex 18.5906 8.27709 5
      vertex 15.85 7.05688 5
      vertex 16.9709 3.60727 5
    endloop
  endfacet
  facet normal 0 0 1
    outer loop
      vertex 16.4635 11.9614 5
      vertex 14.0364 10.1981 5
      vertex 15.85 7.05688 5
    endloop
  endfacet
  facet normal 0 0 1
    outer loop
      vertex 13.6168 15.123 5
      vertex 14.0364 10.1981 5
      vertex 16.4635 11.9614 5
    endloop
  endfacet
  facet normal 0 0 1
    outer loop
      vertex 13.6168 15.123 5
      vertex 11.6094 12.8936 5
      vertex 14.0364 10.1981 5
    endloop
  endfacet
  facet normal 0 0 1
    outer loop
      vertex 10.175 17.6236 5
      vertex 11.6094 12.8936 5
      vertex 13.6168 15.123 5
    endloop
  endfacet
  facet normal 0 0 1
    outer loop
      vertex 10.175 17.6236 5
      vertex 8.675 15.0255 5
      vertex 11.6094 12.8936 5
    endloop
  endfacet
  facet normal 0 0 1
    outer loop
      vertex 6.2885 19.354 5
      vertex 8.675 15.0255 5
      vertex 10.175 17.6236 5
    endloop
  endfacet
  facet normal 0 0 1
    outer loop
      vertex 6.2885 19.354 5
      vertex 5.36144 16.5008 5
      vertex 8.675 15.0255 5
    endloop
  endfacet
  facet normal 0 0 1
    outer loop
      vertex 2.12715 20.2385 5
      vertex 5.36144 16.5008 5
      vertex 6.2885 19.354 5
    endloop
  endfacet
  facet normal 0 0 1
    outer loop
      vertex 2.12715 20.2385 5
      vertex 1.81357 17.255 5
      vertex 5.36144 16.5008 5
    endloop
  endfacet
  facet normal 0 0 1
    outer loop
      vertex 2.12715 20.2385 5
      vertex -1.81357 17.255 5
      vertex 1.81357 17.255 5
    endloop
  endfacet
  facet normal -0 0 1
    outer loop
      vertex -2.12715 20.2385 5
      vertex -1.81357 17.255 5
      vertex 2.12715 20.2385 5
    endloop
  endfacet
  facet normal 0 0 1
    outer loop
      vertex -2.12715 20.2385 5
      vertex -5.36144 16.5008 5
      vertex -1.81357 17.255 5
    endloop
  endfacet
  facet normal -0 0 1
    outer loop
      vertex -6.2885 19.354 5
      vertex -5.36144 16.5008 5
      vertex -2.12715 20.2385 5
    endloop
  endfacet
  facet normal 0 0 1
    outer loop
      vertex -6.2885 19.354 5
      vertex -8.675 15.0255 5
      vertex -5.36144 16.5008 5
    endloop
  endfacet
  facet normal -0 0 1
    outer loop
      vertex -10.175 17.6236 5
      vertex -8.675 15.0255 5
      vertex -6.2885 19.354 5
    endloop
  endfacet
  facet normal 0 0 1
    outer loop
      vertex -10.175 17.6236 5
      vertex -11.6094 12.8936 5
      vertex -8.675 15.0255 5
    endloop
  endfacet
  facet normal -0 0 1
    outer loop
      vertex -13.6168 15.123 5
      vertex -11.6094 12.8936 5
      vertex -10.175 17.6236 5
    endloop
  endfacet
  facet normal 0 0 1
    outer loop
      vertex -13.6168 15.123 5
      vertex -14.0364 10.1981 5
      vertex -11.6094 12.8936 5
    endloop
  endfacet
  facet normal -0 0 1
    outer loop
      vertex -16.4635 11.9614 5
      vertex -14.0364 10.1981 5
      vertex -13.6168 15.123 5
    endloop
  endfacet
  facet normal 0 0 1
    outer loop
      vertex -14.0364 10.1981 5
      vertex -16.4635 11.9614 5
      vertex -15.85 7.05688 5
    endloop
  endfacet
  facet normal -0 0 1
    outer loop
      vertex -18.5906 8.27709 5
      vertex -15.85 7.05688 5
      vertex -16.4635 11.9614 5
    endloop
  endfacet
  facet normal 0 0 1
    outer loop
      vertex -15.85 7.05688 5
      vertex -18.5906 8.27709 5
      vertex -16.9709 3.60727 5
    endloop
  endfacet
  facet normal -0 0 1
    outer loop
      vertex -19.9053 4.231 5
      vertex -16.9709 3.60727 5
      vertex -18.5906 8.27709 5
    endloop
  endfacet
  facet normal 0 0 1
    outer loop
      vertex -16.9709 3.60727 5
      vertex -19.9053 4.231 5
      vertex -17.35 0 5
    endloop
  endfacet
  facet normal 0 0 1
    outer loop
      vertex -20.35 0 5
      vertex -17.35 0 5
      vertex -19.9053 4.231 5
    endloop
  endfacet
  facet normal 0 -0 1
    outer loop
      vertex -19.9053 -4.231 5
      vertex -17.35 0 5
      vertex -20.35 0 5
    endloop
  endfacet
  facet normal 0 0 1
    outer loop
      vertex -17.35 0 5
      vertex -18.5906 -8.27709 5
      vertex -17.5959 -10 5
    endloop
  endfacet
  facet normal 0 -0 1
    outer loop
      vertex -18.5906 -8.27709 5
      vertex -17.35 0 5
      vertex -19.9053 -4.231 5
    endloop
  endfacet
  facet normal -0 0 1
    outer loop
      vertex 15.85 -7.05688 5
      vertex 18.5906 -8.27709 5
      vertex 16.9709 -3.60727 5
    endloop
  endfacet
  facet normal 0 0 1
    outer loop
      vertex 18.5906 -8.27709 5
      vertex 15.85 -7.05688 5
      vertex 17.5959 -10 5
    endloop
  endfacet
  facet normal -0 0 1
    outer loop
      vertex 14.35 -9.65498 5
      vertex 17.5959 -10 5
      vertex 15.85 -7.05688 5
    endloop
  endfacet
  facet normal 0 0 1
    outer loop
      vertex 17.5959 -10 5
      vertex 14.35 -9.65498 5
      vertex 14.35 -10 5
    endloop
  endfacet
  facet normal 0 0 1
    outer loop
      vertex -17.5959 -10 5
      vertex -14.35 -9.65498 5
      vertex -15.85 -7.05688 5
    endloop
  endfacet
  facet normal 0 0 1
    outer loop
      vertex -14.35 -9.65498 5
      vertex -17.5959 -10 5
      vertex -14.35 -10 5
    endloop
  endfacet
  facet normal 0 0 1
    outer loop
      vertex -16.9709 -3.60727 5
      vertex -17.5959 -10 5
      vertex -15.85 -7.05688 5
    endloop
  endfacet
  facet normal 0 0 1
    outer loop
      vertex -17.5959 -10 5
      vertex -16.9709 -3.60727 5
      vertex -17.35 0 5
    endloop
  endfacet
  facet normal -0.40674 -0.913544 0
    outer loop
      vertex 6.2885 19.354 5
      vertex 10.175 17.6236 9
      vertex 6.2885 19.354 9
    endloop
  endfacet
  facet normal -0.40674 -0.913544 -0
    outer loop
      vertex 10.175 17.6236 9
      vertex 6.2885 19.354 5
      vertex 10.175 17.6236 5
    endloop
  endfacet
  facet normal 0.951053 -0.309027 -1.9319e-17
    outer loop
      vertex -19.9053 4.231 9
      vertex -18.5906 8.27709 5
      vertex -18.5906 8.27709 9
    endloop
  endfacet
  facet normal 0.951053 -0.309027 -1.9319e-17
    outer loop
      vertex -18.5906 8.27709 5
      vertex -19.9053 4.231 9
      vertex -19.9053 4.231 5
    endloop
  endfacet
  facet normal 0.994522 -0.104529 1.66825e-18
    outer loop
      vertex -20.35 0 9
      vertex -19.9053 4.231 5
      vertex -19.9053 4.231 9
    endloop
  endfacet
  facet normal 0.994522 -0.104529 1.66825e-18
    outer loop
      vertex -19.9053 4.231 5
      vertex -20.35 0 9
      vertex -20.35 0 5
    endloop
  endfacet
  facet normal 0.207907 -0.978149 0
    outer loop
      vertex -6.2885 19.354 5
      vertex -2.12715 20.2385 9
      vertex -6.2885 19.354 9
    endloop
  endfacet
  facet normal 0.207907 -0.978149 0
    outer loop
      vertex -2.12715 20.2385 9
      vertex -6.2885 19.354 5
      vertex -2.12715 20.2385 5
    endloop
  endfacet
  facet normal -0.743147 -0.669128 1.00477e-17
    outer loop
      vertex 16.4635 11.9614 5
      vertex 13.6168 15.123 9
      vertex 13.6168 15.123 5
    endloop
  endfacet
  facet normal -0.743147 -0.669128 1.00477e-17
    outer loop
      vertex 13.6168 15.123 9
      vertex 16.4635 11.9614 5
      vertex 16.4635 11.9614 9
    endloop
  endfacet
  facet normal 0.86603 0.499991 -5.18928e-18
    outer loop
      vertex -17.5959 -10 9
      vertex -18.5906 -8.27709 5
      vertex -18.5906 -8.27709 9
    endloop
  endfacet
  facet normal 0.86603 0.499991 -5.18928e-18
    outer loop
      vertex -18.5906 -8.27709 5
      vertex -17.5959 -10 9
      vertex -17.5959 -10 5
    endloop
  endfacet
  facet normal 0.743147 -0.669128 -1.00477e-17
    outer loop
      vertex -16.4635 11.9614 9
      vertex -13.6168 15.123 5
      vertex -13.6168 15.123 9
    endloop
  endfacet
  facet normal 0.743147 -0.669128 -1.00477e-17
    outer loop
      vertex -13.6168 15.123 5
      vertex -16.4635 11.9614 9
      vertex -16.4635 11.9614 5
    endloop
  endfacet
  facet normal 0.587783 -0.809019 0
    outer loop
      vertex -13.6168 15.123 5
      vertex -10.175 17.6236 9
      vertex -13.6168 15.123 9
    endloop
  endfacet
  facet normal 0.587783 -0.809019 0
    outer loop
      vertex -10.175 17.6236 9
      vertex -13.6168 15.123 5
      vertex -10.175 17.6236 5
    endloop
  endfacet
  facet normal -0.951053 0.309027 -1.9319e-17
    outer loop
      vertex 18.5906 -8.27709 5
      vertex 19.9053 -4.231 9
      vertex 19.9053 -4.231 5
    endloop
  endfacet
  facet normal -0.951053 0.309027 -1.9319e-17
    outer loop
      vertex 19.9053 -4.231 9
      vertex 18.5906 -8.27709 5
      vertex 18.5906 -8.27709 9
    endloop
  endfacet
  facet normal -0.86603 0.499991 5.18928e-18
    outer loop
      vertex 17.5959 -10 5
      vertex 18.5906 -8.27709 9
      vertex 18.5906 -8.27709 5
    endloop
  endfacet
  facet normal -0.86603 0.499991 5.18928e-18
    outer loop
      vertex 18.5906 -8.27709 9
      vertex 17.5959 -10 5
      vertex 17.5959 -10 9
    endloop
  endfacet
  facet normal 0 -1 0
    outer loop
      vertex -2.12715 20.2385 5
      vertex 2.12715 20.2385 9
      vertex -2.12715 20.2385 9
    endloop
  endfacet
  facet normal 0 -1 -0
    outer loop
      vertex 2.12715 20.2385 9
      vertex -2.12715 20.2385 5
      vertex 2.12715 20.2385 5
    endloop
  endfacet
  facet normal 0.951053 0.309027 1.9319e-17
    outer loop
      vertex -18.5906 -8.27709 9
      vertex -19.9053 -4.231 5
      vertex -19.9053 -4.231 9
    endloop
  endfacet
  facet normal 0.951053 0.309027 1.9319e-17
    outer loop
      vertex -19.9053 -4.231 5
      vertex -18.5906 -8.27709 9
      vertex -18.5906 -8.27709 5
    endloop
  endfacet
  facet normal 0.587773 0.809026 -0
    outer loop
      vertex 11.6094 12.8936 5
      vertex 8.675 15.0255 9
      vertex 11.6094 12.8936 9
    endloop
  endfacet
  facet normal 0.587773 0.809026 0
    outer loop
      vertex 8.675 15.0255 9
      vertex 11.6094 12.8936 5
      vertex 8.675 15.0255 5
    endloop
  endfacet
  facet normal -0.406738 0.913545 0
    outer loop
      vertex -5.36144 16.5008 5
      vertex -8.675 15.0255 9
      vertex -5.36144 16.5008 9
    endloop
  endfacet
  facet normal -0.406738 0.913545 0
    outer loop
      vertex -8.675 15.0255 9
      vertex -5.36144 16.5008 5
      vertex -8.675 15.0255 5
    endloop
  endfacet
  facet normal 0.406738 0.913545 -0
    outer loop
      vertex 8.675 15.0255 5
      vertex 5.36144 16.5008 9
      vertex 8.675 15.0255 9
    endloop
  endfacet
  facet normal 0.406738 0.913545 0
    outer loop
      vertex 5.36144 16.5008 9
      vertex 8.675 15.0255 5
      vertex 5.36144 16.5008 5
    endloop
  endfacet
  facet normal 0.994523 -0.104518 3.39981e-18
    outer loop
      vertex 16.9709 -3.60727 9
      vertex 17.35 0 5
      vertex 17.35 0 9
    endloop
  endfacet
  facet normal 0.994523 -0.104518 3.39981e-18
    outer loop
      vertex 17.35 0 5
      vertex 16.9709 -3.60727 9
      vertex 16.9709 -3.60727 5
    endloop
  endfacet
  facet normal 0.866024 0.500003 -2.27986e-17
    outer loop
      vertex 15.85 7.05688 9
      vertex 14.0364 10.1981 5
      vertex 14.0364 10.1981 9
    endloop
  endfacet
  facet normal 0.866024 0.500003 -2.27986e-17
    outer loop
      vertex 14.0364 10.1981 5
      vertex 15.85 7.05688 9
      vertex 15.85 7.05688 5
    endloop
  endfacet
  facet normal 0.74315 0.669125 -2.91651e-17
    outer loop
      vertex 14.0364 10.1981 9
      vertex 11.6094 12.8936 5
      vertex 11.6094 12.8936 9
    endloop
  endfacet
  facet normal 0.74315 0.669125 -2.91651e-17
    outer loop
      vertex 11.6094 12.8936 5
      vertex 14.0364 10.1981 9
      vertex 14.0364 10.1981 5
    endloop
  endfacet
  facet normal 0.994523 0.104518 -3.39981e-18
    outer loop
      vertex 17.35 0 9
      vertex 16.9709 3.60727 5
      vertex 16.9709 3.60727 9
    endloop
  endfacet
  facet normal 0.994523 0.104518 -3.39981e-18
    outer loop
      vertex 16.9709 3.60727 5
      vertex 17.35 0 9
      vertex 17.35 0 5
    endloop
  endfacet
  facet normal -0.994523 0.104518 3.39981e-18
    outer loop
      vertex -17.35 0 5
      vertex -16.9709 3.60727 9
      vertex -16.9709 3.60727 5
    endloop
  endfacet
  facet normal -0.994523 0.104518 3.39981e-18
    outer loop
      vertex -16.9709 3.60727 9
      vertex -17.35 0 5
      vertex -17.35 0 9
    endloop
  endfacet
  facet normal -0.994523 -0.104518 -3.39981e-18
    outer loop
      vertex -16.9709 -3.60727 5
      vertex -17.35 0 9
      vertex -17.35 0 5
    endloop
  endfacet
  facet normal -0.994523 -0.104518 -3.39981e-18
    outer loop
      vertex -17.35 0 9
      vertex -16.9709 -3.60727 5
      vertex -16.9709 -3.60727 9
    endloop
  endfacet
  facet normal -0.207932 0.978143 0
    outer loop
      vertex -1.81357 17.255 5
      vertex -5.36144 16.5008 9
      vertex -1.81357 17.255 9
    endloop
  endfacet
  facet normal -0.207932 0.978143 0
    outer loop
      vertex -5.36144 16.5008 9
      vertex -1.81357 17.255 5
      vertex -5.36144 16.5008 5
    endloop
  endfacet
  facet normal -0.951052 0.30903 1.11008e-17
    outer loop
      vertex -16.9709 3.60727 5
      vertex -15.85 7.05688 9
      vertex -15.85 7.05688 5
    endloop
  endfacet
  facet normal -0.951052 0.30903 1.11008e-17
    outer loop
      vertex -15.85 7.05688 9
      vertex -16.9709 3.60727 5
      vertex -16.9709 3.60727 9
    endloop
  endfacet
  facet normal 0.951052 0.30903 -1.11008e-17
    outer loop
      vertex 16.9709 3.60727 9
      vertex 15.85 7.05688 5
      vertex 15.85 7.05688 9
    endloop
  endfacet
  facet normal 0.951052 0.30903 -1.11008e-17
    outer loop
      vertex 15.85 7.05688 5
      vertex 16.9709 3.60727 9
      vertex 16.9709 3.60727 5
    endloop
  endfacet
  facet normal 0 1 -0
    outer loop
      vertex 1.81357 17.255 5
      vertex -1.81357 17.255 9
      vertex 1.81357 17.255 9
    endloop
  endfacet
  facet normal 0 1 0
    outer loop
      vertex -1.81357 17.255 9
      vertex 1.81357 17.255 5
      vertex -1.81357 17.255 5
    endloop
  endfacet
  facet normal -0.587773 0.809026 0
    outer loop
      vertex -8.675 15.0255 5
      vertex -11.6094 12.8936 9
      vertex -8.675 15.0255 9
    endloop
  endfacet
  facet normal -0.587773 0.809026 0
    outer loop
      vertex -11.6094 12.8936 9
      vertex -8.675 15.0255 5
      vertex -11.6094 12.8936 5
    endloop
  endfacet
  facet normal -0.951052 -0.30903 -1.11008e-17
    outer loop
      vertex -15.85 -7.05688 5
      vertex -16.9709 -3.60727 9
      vertex -16.9709 -3.60727 5
    endloop
  endfacet
  facet normal -0.951052 -0.30903 -1.11008e-17
    outer loop
      vertex -16.9709 -3.60727 9
      vertex -15.85 -7.05688 5
      vertex -15.85 -7.05688 9
    endloop
  endfacet
  facet normal 0.207932 0.978143 -0
    outer loop
      vertex 5.36144 16.5008 5
      vertex 1.81357 17.255 9
      vertex 5.36144 16.5008 9
    endloop
  endfacet
  facet normal 0.207932 0.978143 0
    outer loop
      vertex 1.81357 17.255 9
      vertex 5.36144 16.5008 5
      vertex 1.81357 17.255 5
    endloop
  endfacet
  facet normal 0.951052 -0.30903 1.11008e-17
    outer loop
      vertex 15.85 -7.05688 9
      vertex 16.9709 -3.60727 5
      vertex 16.9709 -3.60727 9
    endloop
  endfacet
  facet normal 0.951052 -0.30903 1.11008e-17
    outer loop
      vertex 16.9709 -3.60727 5
      vertex 15.85 -7.05688 9
      vertex 15.85 -7.05688 5
    endloop
  endfacet
  facet normal -0.866027 -0.499997 0
    outer loop
      vertex -14.35 -9.65498 5
      vertex -15.85 -7.05688 9
      vertex -15.85 -7.05688 5
    endloop
  endfacet
  facet normal -0.866027 -0.499997 0
    outer loop
      vertex -15.85 -7.05688 9
      vertex -14.35 -9.65498 5
      vertex -14.35 -9.65498 9
    endloop
  endfacet
  facet normal 0.866027 -0.499997 0
    outer loop
      vertex 14.35 -9.65498 9
      vertex 15.85 -7.05688 5
      vertex 15.85 -7.05688 9
    endloop
  endfacet
  facet normal 0.866027 -0.499997 0
    outer loop
      vertex 15.85 -7.05688 5
      vertex 14.35 -9.65498 9
      vertex 14.35 -9.65498 5
    endloop
  endfacet
  facet normal -0.74315 0.669125 2.91651e-17
    outer loop
      vertex -14.0364 10.1981 5
      vertex -11.6094 12.8936 9
      vertex -11.6094 12.8936 5
    endloop
  endfacet
  facet normal -0.74315 0.669125 2.91651e-17
    outer loop
      vertex -11.6094 12.8936 9
      vertex -14.0364 10.1981 5
      vertex -14.0364 10.1981 9
    endloop
  endfacet
  facet normal -0.866024 0.500003 2.27986e-17
    outer loop
      vertex -15.85 7.05688 5
      vertex -14.0364 10.1981 9
      vertex -14.0364 10.1981 5
    endloop
  endfacet
  facet normal -0.866024 0.500003 2.27986e-17
    outer loop
      vertex -14.0364 10.1981 9
      vertex -15.85 7.05688 5
      vertex -15.85 7.05688 9
    endloop
  endfacet
  facet normal -0.207907 -0.978149 0
    outer loop
      vertex 2.12715 20.2385 40
      vertex 6.2885 19.354 44
      vertex 2.12715 20.2385 44
    endloop
  endfacet
  facet normal -0.207907 -0.978149 -0
    outer loop
      vertex 6.2885 19.354 44
      vertex 2.12715 20.2385 40
      vertex 6.2885 19.354 40
    endloop
  endfacet
  facet normal -0.587783 -0.809019 0
    outer loop
      vertex 10.175 17.6236 40
      vertex 13.6168 15.123 44
      vertex 10.175 17.6236 44
    endloop
  endfacet
  facet normal -0.587783 -0.809019 -0
    outer loop
      vertex 13.6168 15.123 44
      vertex 10.175 17.6236 40
      vertex 13.6168 15.123 40
    endloop
  endfacet
  facet normal 0.866029 -0.499993 -2.2651e-17
    outer loop
      vertex -18.5906 8.27709 44
      vertex -16.4635 11.9614 40
      vertex -16.4635 11.9614 44
    endloop
  endfacet
  facet normal 0.866029 -0.499993 -2.2651e-17
    outer loop
      vertex -16.4635 11.9614 40
      vertex -18.5906 8.27709 44
      vertex -18.5906 8.27709 40
    endloop
  endfacet
  facet normal 0.994522 0.104529 -1.66825e-18
    outer loop
      vertex -19.9053 -4.231 44
      vertex -20.35 0 40
      vertex -20.35 0 44
    endloop
  endfacet
  facet normal 0.994522 0.104529 -1.66825e-18
    outer loop
      vertex -20.35 0 40
      vertex -19.9053 -4.231 44
      vertex -19.9053 -4.231 40
    endloop
  endfacet
  facet normal -0.994522 0.104529 1.66825e-18
    outer loop
      vertex 19.9053 -4.231 40
      vertex 20.35 0 44
      vertex 20.35 0 40
    endloop
  endfacet
  facet normal -0.994522 0.104529 1.66825e-18
    outer loop
      vertex 20.35 0 44
      vertex 19.9053 -4.231 40
      vertex 19.9053 -4.231 44
    endloop
  endfacet
  facet normal -0.866029 -0.499993 2.2651e-17
    outer loop
      vertex 18.5906 8.27709 40
      vertex 16.4635 11.9614 44
      vertex 16.4635 11.9614 40
    endloop
  endfacet
  facet normal -0.866029 -0.499993 2.2651e-17
    outer loop
      vertex 16.4635 11.9614 44
      vertex 18.5906 8.27709 40
      vertex 18.5906 8.27709 44
    endloop
  endfacet
  facet normal 0 0 -1
    outer loop
      vertex -17.5959 -10 44
      vertex -14.35 -9.65498 44
      vertex -14.35 -10 44
    endloop
  endfacet
  facet normal -0 0 -1
    outer loop
      vertex -15.85 -7.05688 44
      vertex -18.5906 -8.27709 44
      vertex -16.9709 -3.60727 44
    endloop
  endfacet
  facet normal 0 0 -1
    outer loop
      vertex -18.5906 -8.27709 44
      vertex -15.85 -7.05688 44
      vertex -17.5959 -10 44
    endloop
  endfacet
  facet normal -0 0 -1
    outer loop
      vertex -14.35 -9.65498 44
      vertex -17.5959 -10 44
      vertex -15.85 -7.05688 44
    endloop
  endfacet
  facet normal 0 0 -1
    outer loop
      vertex 19.9053 -4.231 44
      vertex 16.9709 -3.60727 44
      vertex 17.35 0 44
    endloop
  endfacet
  facet normal 0 0 -1
    outer loop
      vertex 18.5906 -8.27709 44
      vertex 15.85 -7.05688 44
      vertex 16.9709 -3.60727 44
    endloop
  endfacet
  facet normal 0 0 -1
    outer loop
      vertex 14.35 -9.65498 44
      vertex 17.5959 -10 44
      vertex 14.35 -10 44
    endloop
  endfacet
  facet normal 0 0 -1
    outer loop
      vertex 17.5959 -10 44
      vertex 14.35 -9.65498 44
      vertex 15.85 -7.05688 44
    endloop
  endfacet
  facet normal 0 0 -1
    outer loop
      vertex 17.35 0 44
      vertex 20.35 0 44
      vertex 19.9053 -4.231 44
    endloop
  endfacet
  facet normal 0 0 -1
    outer loop
      vertex 16.9709 -3.60727 44
      vertex 19.9053 -4.231 44
      vertex 18.5906 -8.27709 44
    endloop
  endfacet
  facet normal 0 0 -1
    outer loop
      vertex 20.35 0 44
      vertex 17.35 0 44
      vertex 19.9053 4.231 44
    endloop
  endfacet
  facet normal 0 0 -1
    outer loop
      vertex 15.85 -7.05688 44
      vertex 18.5906 -8.27709 44
      vertex 17.5959 -10 44
    endloop
  endfacet
  facet normal 0 0 -1
    outer loop
      vertex 16.9709 3.60727 44
      vertex 19.9053 4.231 44
      vertex 17.35 0 44
    endloop
  endfacet
  facet normal -0 0 -1
    outer loop
      vertex 19.9053 4.231 44
      vertex 16.9709 3.60727 44
      vertex 18.5906 8.27709 44
    endloop
  endfacet
  facet normal 0 0 -1
    outer loop
      vertex 15.85 7.05688 44
      vertex 18.5906 8.27709 44
      vertex 16.9709 3.60727 44
    endloop
  endfacet
  facet normal -0 0 -1
    outer loop
      vertex 18.5906 8.27709 44
      vertex 15.85 7.05688 44
      vertex 16.4635 11.9614 44
    endloop
  endfacet
  facet normal 0 0 -1
    outer loop
      vertex 14.0364 10.1981 44
      vertex 16.4635 11.9614 44
      vertex 15.85 7.05688 44
    endloop
  endfacet
  facet normal 0 0 -1
    outer loop
      vertex 14.0364 10.1981 44
      vertex 13.6168 15.123 44
      vertex 16.4635 11.9614 44
    endloop
  endfacet
  facet normal 0 0 -1
    outer loop
      vertex 11.6094 12.8936 44
      vertex 13.6168 15.123 44
      vertex 14.0364 10.1981 44
    endloop
  endfacet
  facet normal 0 0 -1
    outer loop
      vertex 11.6094 12.8936 44
      vertex 10.175 17.6236 44
      vertex 13.6168 15.123 44
    endloop
  endfacet
  facet normal 0 0 -1
    outer loop
      vertex 8.675 15.0255 44
      vertex 10.175 17.6236 44
      vertex 11.6094 12.8936 44
    endloop
  endfacet
  facet normal 0 0 -1
    outer loop
      vertex 8.675 15.0255 44
      vertex 6.2885 19.354 44
      vertex 10.175 17.6236 44
    endloop
  endfacet
  facet normal 0 0 -1
    outer loop
      vertex 5.36144 16.5008 44
      vertex 6.2885 19.354 44
      vertex 8.675 15.0255 44
    endloop
  endfacet
  facet normal 0 0 -1
    outer loop
      vertex 5.36144 16.5008 44
      vertex 2.12715 20.2385 44
      vertex 6.2885 19.354 44
    endloop
  endfacet
  facet normal 0 0 -1
    outer loop
      vertex 1.81357 17.255 44
      vertex 2.12715 20.2385 44
      vertex 5.36144 16.5008 44
    endloop
  endfacet
  facet normal 0 0 -1
    outer loop
      vertex -1.81357 17.255 44
      vertex 2.12715 20.2385 44
      vertex 1.81357 17.255 44
    endloop
  endfacet
  facet normal 0 0 -1
    outer loop
      vertex -1.81357 17.255 44
      vertex -2.12715 20.2385 44
      vertex 2.12715 20.2385 44
    endloop
  endfacet
  facet normal 0 0 -1
    outer loop
      vertex -5.36144 16.5008 44
      vertex -2.12715 20.2385 44
      vertex -1.81357 17.255 44
    endloop
  endfacet
  facet normal 0 0 -1
    outer loop
      vertex -5.36144 16.5008 44
      vertex -6.2885 19.354 44
      vertex -2.12715 20.2385 44
    endloop
  endfacet
  facet normal 0 0 -1
    outer loop
      vertex -8.675 15.0255 44
      vertex -6.2885 19.354 44
      vertex -5.36144 16.5008 44
    endloop
  endfacet
  facet normal 0 0 -1
    outer loop
      vertex -8.675 15.0255 44
      vertex -10.175 17.6236 44
      vertex -6.2885 19.354 44
    endloop
  endfacet
  facet normal 0 0 -1
    outer loop
      vertex -11.6094 12.8936 44
      vertex -10.175 17.6236 44
      vertex -8.675 15.0255 44
    endloop
  endfacet
  facet normal 0 0 -1
    outer loop
      vertex -11.6094 12.8936 44
      vertex -13.6168 15.123 44
      vertex -10.175 17.6236 44
    endloop
  endfacet
  facet normal 0 0 -1
    outer loop
      vertex -14.0364 10.1981 44
      vertex -13.6168 15.123 44
      vertex -11.6094 12.8936 44
    endloop
  endfacet
  facet normal 0 0 -1
    outer loop
      vertex -16.4635 11.9614 44
      vertex -14.0364 10.1981 44
      vertex -15.85 7.05688 44
    endloop
  endfacet
  facet normal 0 0 -1
    outer loop
      vertex -14.0364 10.1981 44
      vertex -16.4635 11.9614 44
      vertex -13.6168 15.123 44
    endloop
  endfacet
  facet normal 0 0 -1
    outer loop
      vertex -18.5906 8.27709 44
      vertex -15.85 7.05688 44
      vertex -16.9709 3.60727 44
    endloop
  endfacet
  facet normal 0 0 -1
    outer loop
      vertex -19.9053 4.231 44
      vertex -16.9709 3.60727 44
      vertex -17.35 0 44
    endloop
  endfacet
  facet normal 0 0 -1
    outer loop
      vertex -19.9053 -4.231 44
      vertex -16.9709 -3.60727 44
      vertex -18.5906 -8.27709 44
    endloop
  endfacet
  facet normal -0 0 -1
    outer loop
      vertex -16.9709 -3.60727 44
      vertex -19.9053 -4.231 44
      vertex -17.35 0 44
    endloop
  endfacet
  facet normal 0 0 -1
    outer loop
      vertex -15.85 7.05688 44
      vertex -18.5906 8.27709 44
      vertex -16.4635 11.9614 44
    endloop
  endfacet
  facet normal 0 0 -1
    outer loop
      vertex -20.35 0 44
      vertex -17.35 0 44
      vertex -19.9053 -4.231 44
    endloop
  endfacet
  facet normal 0 0 -1
    outer loop
      vertex -16.9709 3.60727 44
      vertex -19.9053 4.231 44
      vertex -18.5906 8.27709 44
    endloop
  endfacet
  facet normal 0 0 -1
    outer loop
      vertex -17.35 0 44
      vertex -20.35 0 44
      vertex -19.9053 4.231 44
    endloop
  endfacet
  facet normal -0.994522 -0.104529 -1.66825e-18
    outer loop
      vertex 20.35 0 40
      vertex 19.9053 4.231 44
      vertex 19.9053 4.231 40
    endloop
  endfacet
  facet normal -0.994522 -0.104529 -1.66825e-18
    outer loop
      vertex 19.9053 4.231 44
      vertex 20.35 0 40
      vertex 20.35 0 44
    endloop
  endfacet
  facet normal 0.40674 -0.913544 0
    outer loop
      vertex -10.175 17.6236 40
      vertex -6.2885 19.354 44
      vertex -10.175 17.6236 44
    endloop
  endfacet
  facet normal 0.40674 -0.913544 0
    outer loop
      vertex -6.2885 19.354 44
      vertex -10.175 17.6236 40
      vertex -6.2885 19.354 40
    endloop
  endfacet
  facet normal -0.951053 -0.309027 1.9319e-17
    outer loop
      vertex 19.9053 4.231 40
      vertex 18.5906 8.27709 44
      vertex 18.5906 8.27709 40
    endloop
  endfacet
  facet normal -0.951053 -0.309027 1.9319e-17
    outer loop
      vertex 18.5906 8.27709 44
      vertex 19.9053 4.231 40
      vertex 19.9053 4.231 44
    endloop
  endfacet
  facet normal 0 0 1
    outer loop
      vertex 17.35 0 40
      vertex 20.35 0 40
      vertex 19.9053 4.231 40
    endloop
  endfacet
  facet normal 0 0 1
    outer loop
      vertex 16.9709 3.60727 40
      vertex 19.9053 4.231 40
      vertex 18.5906 8.27709 40
    endloop
  endfacet
  facet normal 0 0 1
    outer loop
      vertex 20.35 0 40
      vertex 17.35 0 40
      vertex 19.9053 -4.231 40
    endloop
  endfacet
  facet normal -0 0 1
    outer loop
      vertex 16.9709 -3.60727 40
      vertex 19.9053 -4.231 40
      vertex 17.35 0 40
    endloop
  endfacet
  facet normal 0 0 1
    outer loop
      vertex 19.9053 -4.231 40
      vertex 16.9709 -3.60727 40
      vertex 18.5906 -8.27709 40
    endloop
  endfacet
  facet normal 0 0 1
    outer loop
      vertex 19.9053 4.231 40
      vertex 16.9709 3.60727 40
      vertex 17.35 0 40
    endloop
  endfacet
  facet normal 0 0 1
    outer loop
      vertex 15.85 7.05688 40
      vertex 18.5906 8.27709 40
      vertex 16.4635 11.9614 40
    endloop
  endfacet
  facet normal 0 0 1
    outer loop
      vertex 18.5906 8.27709 40
      vertex 15.85 7.05688 40
      vertex 16.9709 3.60727 40
    endloop
  endfacet
  facet normal 0 0 1
    outer loop
      vertex 16.4635 11.9614 40
      vertex 14.0364 10.1981 40
      vertex 15.85 7.05688 40
    endloop
  endfacet
  facet normal 0 0 1
    outer loop
      vertex 13.6168 15.123 40
      vertex 14.0364 10.1981 40
      vertex 16.4635 11.9614 40
    endloop
  endfacet
  facet normal 0 0 1
    outer loop
      vertex 13.6168 15.123 40
      vertex 11.6094 12.8936 40
      vertex 14.0364 10.1981 40
    endloop
  endfacet
  facet normal 0 0 1
    outer loop
      vertex 10.175 17.6236 40
      vertex 11.6094 12.8936 40
      vertex 13.6168 15.123 40
    endloop
  endfacet
  facet normal 0 0 1
    outer loop
      vertex 10.175 17.6236 40
      vertex 8.675 15.0255 40
      vertex 11.6094 12.8936 40
    endloop
  endfacet
  facet normal 0 0 1
    outer loop
      vertex 6.2885 19.354 40
      vertex 8.675 15.0255 40
      vertex 10.175 17.6236 40
    endloop
  endfacet
  facet normal 0 0 1
    outer loop
      vertex 6.2885 19.354 40
      vertex 5.36144 16.5008 40
      vertex 8.675 15.0255 40
    endloop
  endfacet
  facet normal 0 0 1
    outer loop
      vertex 2.12715 20.2385 40
      vertex 5.36144 16.5008 40
      vertex 6.2885 19.354 40
    endloop
  endfacet
  facet normal 0 0 1
    outer loop
      vertex 2.12715 20.2385 40
      vertex 1.81357 17.255 40
      vertex 5.36144 16.5008 40
    endloop
  endfacet
  facet normal 0 0 1
    outer loop
      vertex 2.12715 20.2385 40
      vertex -1.81357 17.255 40
      vertex 1.81357 17.255 40
    endloop
  endfacet
  facet normal -0 0 1
    outer loop
      vertex -2.12715 20.2385 40
      vertex -1.81357 17.255 40
      vertex 2.12715 20.2385 40
    endloop
  endfacet
  facet normal 0 0 1
    outer loop
      vertex -2.12715 20.2385 40
      vertex -5.36144 16.5008 40
      vertex -1.81357 17.255 40
    endloop
  endfacet
  facet normal -0 0 1
    outer loop
      vertex -6.2885 19.354 40
      vertex -5.36144 16.5008 40
      vertex -2.12715 20.2385 40
    endloop
  endfacet
  facet normal 0 0 1
    outer loop
      vertex -6.2885 19.354 40
      vertex -8.675 15.0255 40
      vertex -5.36144 16.5008 40
    endloop
  endfacet
  facet normal -0 0 1
    outer loop
      vertex -10.175 17.6236 40
      vertex -8.675 15.0255 40
      vertex -6.2885 19.354 40
    endloop
  endfacet
  facet normal 0 0 1
    outer loop
      vertex -10.175 17.6236 40
      vertex -11.6094 12.8936 40
      vertex -8.675 15.0255 40
    endloop
  endfacet
  facet normal -0 0 1
    outer loop
      vertex -13.6168 15.123 40
      vertex -11.6094 12.8936 40
      vertex -10.175 17.6236 40
    endloop
  endfacet
  facet normal 0 0 1
    outer loop
      vertex -13.6168 15.123 40
      vertex -14.0364 10.1981 40
      vertex -11.6094 12.8936 40
    endloop
  endfacet
  facet normal -0 0 1
    outer loop
      vertex -16.4635 11.9614 40
      vertex -14.0364 10.1981 40
      vertex -13.6168 15.123 40
    endloop
  endfacet
  facet normal 0 0 1
    outer loop
      vertex -14.0364 10.1981 40
      vertex -16.4635 11.9614 40
      vertex -15.85 7.05688 40
    endloop
  endfacet
  facet normal -0 0 1
    outer loop
      vertex -18.5906 8.27709 40
      vertex -15.85 7.05688 40
      vertex -16.4635 11.9614 40
    endloop
  endfacet
  facet normal 0 0 1
    outer loop
      vertex -15.85 7.05688 40
      vertex -18.5906 8.27709 40
      vertex -16.9709 3.60727 40
    endloop
  endfacet
  facet normal -0 0 1
    outer loop
      vertex -19.9053 4.231 40
      vertex -16.9709 3.60727 40
      vertex -18.5906 8.27709 40
    endloop
  endfacet
  facet normal 0 0 1
    outer loop
      vertex -16.9709 3.60727 40
      vertex -19.9053 4.231 40
      vertex -17.35 0 40
    endloop
  endfacet
  facet normal 0 0 1
    outer loop
      vertex -20.35 0 40
      vertex -17.35 0 40
      vertex -19.9053 4.231 40
    endloop
  endfacet
  facet normal 0 -0 1
    outer loop
      vertex -19.9053 -4.231 40
      vertex -17.35 0 40
      vertex -20.35 0 40
    endloop
  endfacet
  facet normal 0 0 1
    outer loop
      vertex -17.35 0 40
      vertex -18.5906 -8.27709 40
      vertex -17.5959 -10 40
    endloop
  endfacet
  facet normal 0 -0 1
    outer loop
      vertex -18.5906 -8.27709 40
      vertex -17.35 0 40
      vertex -19.9053 -4.231 40
    endloop
  endfacet
  facet normal -0 0 1
    outer loop
      vertex 15.85 -7.05688 40
      vertex 18.5906 -8.27709 40
      vertex 16.9709 -3.60727 40
    endloop
  endfacet
  facet normal 0 0 1
    outer loop
      vertex 18.5906 -8.27709 40
      vertex 15.85 -7.05688 40
      vertex 17.5959 -10 40
    endloop
  endfacet
  facet normal -0 0 1
    outer loop
      vertex 14.35 -9.65498 40
      vertex 17.5959 -10 40
      vertex 15.85 -7.05688 40
    endloop
  endfacet
  facet normal 0 0 1
    outer loop
      vertex 17.5959 -10 40
      vertex 14.35 -9.65498 40
      vertex 14.35 -10 40
    endloop
  endfacet
  facet normal 0 0 1
    outer loop
      vertex -17.5959 -10 40
      vertex -14.35 -9.65498 40
      vertex -15.85 -7.05688 40
    endloop
  endfacet
  facet normal 0 0 1
    outer loop
      vertex -14.35 -9.65498 40
      vertex -17.5959 -10 40
      vertex -14.35 -10 40
    endloop
  endfacet
  facet normal 0 0 1
    outer loop
      vertex -16.9709 -3.60727 40
      vertex -17.5959 -10 40
      vertex -15.85 -7.05688 40
    endloop
  endfacet
  facet normal 0 0 1
    outer loop
      vertex -17.5959 -10 40
      vertex -16.9709 -3.60727 40
      vertex -17.35 0 40
    endloop
  endfacet
  facet normal -0.40674 -0.913544 0
    outer loop
      vertex 6.2885 19.354 40
      vertex 10.175 17.6236 44
      vertex 6.2885 19.354 44
    endloop
  endfacet
  facet normal -0.40674 -0.913544 -0
    outer loop
      vertex 10.175 17.6236 44
      vertex 6.2885 19.354 40
      vertex 10.175 17.6236 40
    endloop
  endfacet
  facet normal 0.951053 -0.309027 -1.9319e-17
    outer loop
      vertex -19.9053 4.231 44
      vertex -18.5906 8.27709 40
      vertex -18.5906 8.27709 44
    endloop
  endfacet
  facet normal 0.951053 -0.309027 -1.9319e-17
    outer loop
      vertex -18.5906 8.27709 40
      vertex -19.9053 4.231 44
      vertex -19.9053 4.231 40
    endloop
  endfacet
  facet normal 0.994522 -0.104529 1.66825e-18
    outer loop
      vertex -20.35 0 44
      vertex -19.9053 4.231 40
      vertex -19.9053 4.231 44
    endloop
  endfacet
  facet normal 0.994522 -0.104529 1.66825e-18
    outer loop
      vertex -19.9053 4.231 40
      vertex -20.35 0 44
      vertex -20.35 0 40
    endloop
  endfacet
  facet normal 0.207907 -0.978149 0
    outer loop
      vertex -6.2885 19.354 40
      vertex -2.12715 20.2385 44
      vertex -6.2885 19.354 44
    endloop
  endfacet
  facet normal 0.207907 -0.978149 0
    outer loop
      vertex -2.12715 20.2385 44
      vertex -6.2885 19.354 40
      vertex -2.12715 20.2385 40
    endloop
  endfacet
  facet normal -0.743147 -0.669128 1.00477e-17
    outer loop
      vertex 16.4635 11.9614 40
      vertex 13.6168 15.123 44
      vertex 13.6168 15.123 40
    endloop
  endfacet
  facet normal -0.743147 -0.669128 1.00477e-17
    outer loop
      vertex 13.6168 15.123 44
      vertex 16.4635 11.9614 40
      vertex 16.4635 11.9614 44
    endloop
  endfacet
  facet normal 0.86603 0.499991 -5.18928e-18
    outer loop
      vertex -17.5959 -10 44
      vertex -18.5906 -8.27709 40
      vertex -18.5906 -8.27709 44
    endloop
  endfacet
  facet normal 0.86603 0.499991 -5.18928e-18
    outer loop
      vertex -18.5906 -8.27709 40
      vertex -17.5959 -10 44
      vertex -17.5959 -10 40
    endloop
  endfacet
  facet normal 0.743147 -0.669128 -1.00477e-17
    outer loop
      vertex -16.4635 11.9614 44
      vertex -13.6168 15.123 40
      vertex -13.6168 15.123 44
    endloop
  endfacet
  facet normal 0.743147 -0.669128 -1.00477e-17
    outer loop
      vertex -13.6168 15.123 40
      vertex -16.4635 11.9614 44
      vertex -16.4635 11.9614 40
    endloop
  endfacet
  facet normal 0.587783 -0.809019 0
    outer loop
      vertex -13.6168 15.123 40
      vertex -10.175 17.6236 44
      vertex -13.6168 15.123 44
    endloop
  endfacet
  facet normal 0.587783 -0.809019 0
    outer loop
      vertex -10.175 17.6236 44
      vertex -13.6168 15.123 40
      vertex -10.175 17.6236 40
    endloop
  endfacet
  facet normal -0.951053 0.309027 -1.9319e-17
    outer loop
      vertex 18.5906 -8.27709 40
      vertex 19.9053 -4.231 44
      vertex 19.9053 -4.231 40
    endloop
  endfacet
  facet normal -0.951053 0.309027 -1.9319e-17
    outer loop
      vertex 19.9053 -4.231 44
      vertex 18.5906 -8.27709 40
      vertex 18.5906 -8.27709 44
    endloop
  endfacet
  facet normal -0.86603 0.499991 5.18928e-18
    outer loop
      vertex 17.5959 -10 40
      vertex 18.5906 -8.27709 44
      vertex 18.5906 -8.27709 40
    endloop
  endfacet
  facet normal -0.86603 0.499991 5.18928e-18
    outer loop
      vertex 18.5906 -8.27709 44
      vertex 17.5959 -10 40
      vertex 17.5959 -10 44
    endloop
  endfacet
  facet normal 0 -1 0
    outer loop
      vertex -2.12715 20.2385 40
      vertex 2.12715 20.2385 44
      vertex -2.12715 20.2385 44
    endloop
  endfacet
  facet normal 0 -1 -0
    outer loop
      vertex 2.12715 20.2385 44
      vertex -2.12715 20.2385 40
      vertex 2.12715 20.2385 40
    endloop
  endfacet
  facet normal 0.951053 0.309027 1.9319e-17
    outer loop
      vertex -18.5906 -8.27709 44
      vertex -19.9053 -4.231 40
      vertex -19.9053 -4.231 44
    endloop
  endfacet
  facet normal 0.951053 0.309027 1.9319e-17
    outer loop
      vertex -19.9053 -4.231 40
      vertex -18.5906 -8.27709 44
      vertex -18.5906 -8.27709 40
    endloop
  endfacet
  facet normal 0.587773 0.809026 -0
    outer loop
      vertex 11.6094 12.8936 40
      vertex 8.675 15.0255 44
      vertex 11.6094 12.8936 44
    endloop
  endfacet
  facet normal 0.587773 0.809026 0
    outer loop
      vertex 8.675 15.0255 44
      vertex 11.6094 12.8936 40
      vertex 8.675 15.0255 40
    endloop
  endfacet
  facet normal -0.406738 0.913545 0
    outer loop
      vertex -5.36144 16.5008 40
      vertex -8.675 15.0255 44
      vertex -5.36144 16.5008 44
    endloop
  endfacet
  facet normal -0.406738 0.913545 0
    outer loop
      vertex -8.675 15.0255 44
      vertex -5.36144 16.5008 40
      vertex -8.675 15.0255 40
    endloop
  endfacet
  facet normal 0.406738 0.913545 -0
    outer loop
      vertex 8.675 15.0255 40
      vertex 5.36144 16.5008 44
      vertex 8.675 15.0255 44
    endloop
  endfacet
  facet normal 0.406738 0.913545 0
    outer loop
      vertex 5.36144 16.5008 44
      vertex 8.675 15.0255 40
      vertex 5.36144 16.5008 40
    endloop
  endfacet
  facet normal 0.994523 -0.104518 3.39981e-18
    outer loop
      vertex 16.9709 -3.60727 44
      vertex 17.35 0 40
      vertex 17.35 0 44
    endloop
  endfacet
  facet normal 0.994523 -0.104518 3.39981e-18
    outer loop
      vertex 17.35 0 40
      vertex 16.9709 -3.60727 44
      vertex 16.9709 -3.60727 40
    endloop
  endfacet
  facet normal 0.866024 0.500003 -2.27986e-17
    outer loop
      vertex 15.85 7.05688 44
      vertex 14.0364 10.1981 40
      vertex 14.0364 10.1981 44
    endloop
  endfacet
  facet normal 0.866024 0.500003 -2.27986e-17
    outer loop
      vertex 14.0364 10.1981 40
      vertex 15.85 7.05688 44
      vertex 15.85 7.05688 40
    endloop
  endfacet
  facet normal 0.74315 0.669125 -2.91651e-17
    outer loop
      vertex 14.0364 10.1981 44
      vertex 11.6094 12.8936 40
      vertex 11.6094 12.8936 44
    endloop
  endfacet
  facet normal 0.74315 0.669125 -2.91651e-17
    outer loop
      vertex 11.6094 12.8936 40
      vertex 14.0364 10.1981 44
      vertex 14.0364 10.1981 40
    endloop
  endfacet
  facet normal 0.994523 0.104518 -3.39981e-18
    outer loop
      vertex 17.35 0 44
      vertex 16.9709 3.60727 40
      vertex 16.9709 3.60727 44
    endloop
  endfacet
  facet normal 0.994523 0.104518 -3.39981e-18
    outer loop
      vertex 16.9709 3.60727 40
      vertex 17.35 0 44
      vertex 17.35 0 40
    endloop
  endfacet
  facet normal -0.994523 0.104518 3.39981e-18
    outer loop
      vertex -17.35 0 40
      vertex -16.9709 3.60727 44
      vertex -16.9709 3.60727 40
    endloop
  endfacet
  facet normal -0.994523 0.104518 3.39981e-18
    outer loop
      vertex -16.9709 3.60727 44
      vertex -17.35 0 40
      vertex -17.35 0 44
    endloop
  endfacet
  facet normal -0.994523 -0.104518 -3.39981e-18
    outer loop
      vertex -16.9709 -3.60727 40
      vertex -17.35 0 44
      vertex -17.35 0 40
    endloop
  endfacet
  facet normal -0.994523 -0.104518 -3.39981e-18
    outer loop
      vertex -17.35 0 44
      vertex -16.9709 -3.60727 40
      vertex -16.9709 -3.60727 44
    endloop
  endfacet
  facet normal -0.207932 0.978143 0
    outer loop
      vertex -1.81357 17.255 40
      vertex -5.36144 16.5008 44
      vertex -1.81357 17.255 44
    endloop
  endfacet
  facet normal -0.207932 0.978143 0
    outer loop
      vertex -5.36144 16.5008 44
      vertex -1.81357 17.255 40
      vertex -5.36144 16.5008 40
    endloop
  endfacet
  facet normal -0.951052 0.30903 1.11008e-17
    outer loop
      vertex -16.9709 3.60727 40
      vertex -15.85 7.05688 44
      vertex -15.85 7.05688 40
    endloop
  endfacet
  facet normal -0.951052 0.30903 1.11008e-17
    outer loop
      vertex -15.85 7.05688 44
      vertex -16.9709 3.60727 40
      vertex -16.9709 3.60727 44
    endloop
  endfacet
  facet normal 0.951052 0.30903 -1.11008e-17
    outer loop
      vertex 16.9709 3.60727 44
      vertex 15.85 7.05688 40
      vertex 15.85 7.05688 44
    endloop
  endfacet
  facet normal 0.951052 0.30903 -1.11008e-17
    outer loop
      vertex 15.85 7.05688 40
      vertex 16.9709 3.60727 44
      vertex 16.9709 3.60727 40
    endloop
  endfacet
  facet normal 0 1 -0
    outer loop
      vertex 1.81357 17.255 40
      vertex -1.81357 17.255 44
      vertex 1.81357 17.255 44
    endloop
  endfacet
  facet normal 0 1 0
    outer loop
      vertex -1.81357 17.255 44
      vertex 1.81357 17.255 40
      vertex -1.81357 17.255 40
    endloop
  endfacet
  facet normal -0.587773 0.809026 0
    outer loop
      vertex -8.675 15.0255 40
      vertex -11.6094 12.8936 44
      vertex -8.675 15.0255 44
    endloop
  endfacet
  facet normal -0.587773 0.809026 0
    outer loop
      vertex -11.6094 12.8936 44
      vertex -8.675 15.0255 40
      vertex -11.6094 12.8936 40
    endloop
  endfacet
  facet normal -0.951052 -0.30903 -1.11008e-17
    outer loop
      vertex -15.85 -7.05688 40
      vertex -16.9709 -3.60727 44
      vertex -16.9709 -3.60727 40
    endloop
  endfacet
  facet normal -0.951052 -0.30903 -1.11008e-17
    outer loop
      vertex -16.9709 -3.60727 44
      vertex -15.85 -7.05688 40
      vertex -15.85 -7.05688 44
    endloop
  endfacet
  facet normal 0.207932 0.978143 -0
    outer loop
      vertex 5.36144 16.5008 40
      vertex 1.81357 17.255 44
      vertex 5.36144 16.5008 44
    endloop
  endfacet
  facet normal 0.207932 0.978143 0
    outer loop
      vertex 1.81357 17.255 44
      vertex 5.36144 16.5008 40
      vertex 1.81357 17.255 40
    endloop
  endfacet
  facet normal 0.951052 -0.30903 1.11008e-17
    outer loop
      vertex 15.85 -7.05688 44
      vertex 16.9709 -3.60727 40
      vertex 16.9709 -3.60727 44
    endloop
  endfacet
  facet normal 0.951052 -0.30903 1.11008e-17
    outer loop
      vertex 16.9709 -3.60727 40
      vertex 15.85 -7.05688 44
      vertex 15.85 -7.05688 40
    endloop
  endfacet
  facet normal -0.866027 -0.499997 0
    outer loop
      vertex -14.35 -9.65498 40
      vertex -15.85 -7.05688 44
      vertex -15.85 -7.05688 40
    endloop
  endfacet
  facet normal -0.866027 -0.499997 0
    outer loop
      vertex -15.85 -7.05688 44
      vertex -14.35 -9.65498 40
      vertex -14.35 -9.65498 44
    endloop
  endfacet
  facet normal 0.866027 -0.499997 0
    outer loop
      vertex 14.35 -9.65498 44
      vertex 15.85 -7.05688 40
      vertex 15.85 -7.05688 44
    endloop
  endfacet
  facet normal 0.866027 -0.499997 0
    outer loop
      vertex 15.85 -7.05688 40
      vertex 14.35 -9.65498 44
      vertex 14.35 -9.65498 40
    endloop
  endfacet
  facet normal -0.74315 0.669125 2.91651e-17
    outer loop
      vertex -14.0364 10.1981 40
      vertex -11.6094 12.8936 44
      vertex -11.6094 12.8936 40
    endloop
  endfacet
  facet normal -0.74315 0.669125 2.91651e-17
    outer loop
      vertex -11.6094 12.8936 44
      vertex -14.0364 10.1981 40
      vertex -14.0364 10.1981 44
    endloop
  endfacet
  facet normal -0.866024 0.500003 2.27986e-17
    outer loop
      vertex -15.85 7.05688 40
      vertex -14.0364 10.1981 44
      vertex -14.0364 10.1981 40
    endloop
  endfacet
  facet normal -0.866024 0.500003 2.27986e-17
    outer loop
      vertex -14.0364 10.1981 44
      vertex -15.85 7.05688 40
      vertex -15.85 7.05688 44
    endloop
  endfacet
  facet normal 0.866023 -0.500004 0
    outer loop
      vertex -13.1094 5.83667 50
      vertex -11.6094 8.43472 0
      vertex -11.6094 8.43472 50
    endloop
  endfacet
  facet normal 0.866023 -0.500004 0
    outer loop
      vertex -11.6094 8.43472 0
      vertex -13.1094 5.83667 50
      vertex -13.1094 5.83667 0
    endloop
  endfacet
  facet normal 0.207903 -0.97815 0
    outer loop
      vertex -4.43439 13.6477 0
      vertex -1.49998 14.2714 50
      vertex -4.43439 13.6477 50
    endloop
  endfacet
  facet normal 0.207903 -0.97815 0
    outer loop
      vertex -1.49998 14.2714 50
      vertex -4.43439 13.6477 0
      vertex -1.49998 14.2714 0
    endloop
  endfacet
  facet normal -1 0 0
    outer loop
      vertex 14.35 -10 9
      vertex 14.35 -9.65498 40
      vertex 14.35 -9.65498 9
    endloop
  endfacet
  facet normal -1 -0 0
    outer loop
      vertex 14.35 -9.65498 40
      vertex 14.35 -10 9
      vertex 14.35 -10 40
    endloop
  endfacet
  facet normal -1 0 0
    outer loop
      vertex 14.35 -9.65498 9
      vertex 14.35 0 0
      vertex 14.35 -9.65498 5
    endloop
  endfacet
  facet normal -1 0 0
    outer loop
      vertex 14.35 -10 0
      vertex 14.35 -9.65498 5
      vertex 14.35 0 0
    endloop
  endfacet
  facet normal -1 -0 0
    outer loop
      vertex 14.35 -9.65498 5
      vertex 14.35 -10 0
      vertex 14.35 -10 5
    endloop
  endfacet
  facet normal -1 0 0
    outer loop
      vertex 14.35 -9.65498 40
      vertex 14.35 0 0
      vertex 14.35 -9.65498 9
    endloop
  endfacet
  facet normal -1 0 0
    outer loop
      vertex 14.35 0 0
      vertex 14.35 -9.65498 40
      vertex 14.35 0 50
    endloop
  endfacet
  facet normal -1 0 0
    outer loop
      vertex 14.35 -9.65498 44
      vertex 14.35 0 50
      vertex 14.35 -9.65498 40
    endloop
  endfacet
  facet normal -1 0 0
    outer loop
      vertex 14.35 -10 50
      vertex 14.35 -9.65498 44
      vertex 14.35 -10 44
    endloop
  endfacet
  facet normal -1 0 0
    outer loop
      vertex 14.35 -9.65498 44
      vertex 14.35 -10 50
      vertex 14.35 0 50
    endloop
  endfacet
  facet normal 0.994521 -0.104535 -1.89539e-20
    outer loop
      vertex -14.35 0 50
      vertex -14.0364 2.98353 0
      vertex -14.0364 2.98353 50
    endloop
  endfacet
  facet normal 0.994521 -0.104535 -1.89539e-20
    outer loop
      vertex -14.0364 2.98353 0
      vertex -14.35 0 50
      vertex -14.35 0 0
    endloop
  endfacet
  facet normal 0.951061 -0.309005 -8.89415e-19
    outer loop
      vertex -14.0364 2.98353 50
      vertex -13.1094 5.83667 0
      vertex -13.1094 5.83667 50
    endloop
  endfacet
  facet normal 0.951061 -0.309005 -8.89415e-19
    outer loop
      vertex -13.1094 5.83667 0
      vertex -14.0364 2.98353 50
      vertex -14.0364 2.98353 0
    endloop
  endfacet
  facet normal 0.743139 -0.669137 1.43255e-18
    outer loop
      vertex -11.6094 8.43472 50
      vertex -9.60202 10.6641 0
      vertex -9.60202 10.6641 50
    endloop
  endfacet
  facet normal 0.743139 -0.669137 1.43255e-18
    outer loop
      vertex -9.60202 10.6641 0
      vertex -11.6094 8.43472 50
      vertex -11.6094 8.43472 0
    endloop
  endfacet
  facet normal 0 -1 0
    outer loop
      vertex -1.49998 14.2714 0
      vertex 1.49998 14.2714 50
      vertex -1.49998 14.2714 50
    endloop
  endfacet
  facet normal 0 -1 -0
    outer loop
      vertex 1.49998 14.2714 50
      vertex -1.49998 14.2714 0
      vertex 1.49998 14.2714 0
    endloop
  endfacet
  facet normal -0.5878 -0.809006 0
    outer loop
      vertex 7.175 12.4275 0
      vertex 9.60202 10.6641 50
      vertex 7.175 12.4275 50
    endloop
  endfacet
  facet normal -0.5878 -0.809006 -0
    outer loop
      vertex 9.60202 10.6641 50
      vertex 7.175 12.4275 0
      vertex 9.60202 10.6641 0
    endloop
  endfacet
  facet normal 0.406737 -0.913545 0
    outer loop
      vertex -7.175 12.4275 0
      vertex -4.43439 13.6477 50
      vertex -7.175 12.4275 50
    endloop
  endfacet
  facet normal 0.406737 -0.913545 0
    outer loop
      vertex -4.43439 13.6477 50
      vertex -7.175 12.4275 0
      vertex -4.43439 13.6477 0
    endloop
  endfacet
  facet normal -0.866023 -0.500004 0
    outer loop
      vertex 13.1094 5.83667 0
      vertex 11.6094 8.43472 50
      vertex 11.6094 8.43472 0
    endloop
  endfacet
  facet normal -0.866023 -0.500004 0
    outer loop
      vertex 11.6094 8.43472 50
      vertex 13.1094 5.83667 0
      vertex 13.1094 5.83667 50
    endloop
  endfacet
  facet normal -0.743139 -0.669137 -1.43255e-18
    outer loop
      vertex 11.6094 8.43472 0
      vertex 9.60202 10.6641 50
      vertex 9.60202 10.6641 0
    endloop
  endfacet
  facet normal -0.743139 -0.669137 -1.43255e-18
    outer loop
      vertex 9.60202 10.6641 50
      vertex 11.6094 8.43472 0
      vertex 11.6094 8.43472 50
    endloop
  endfacet
  facet normal -0.406737 -0.913545 0
    outer loop
      vertex 4.43439 13.6477 0
      vertex 7.175 12.4275 50
      vertex 4.43439 13.6477 50
    endloop
  endfacet
  facet normal -0.406737 -0.913545 -0
    outer loop
      vertex 7.175 12.4275 50
      vertex 4.43439 13.6477 0
      vertex 7.175 12.4275 0
    endloop
  endfacet
  facet normal -0.994521 -0.104535 1.89539e-20
    outer loop
      vertex 14.35 0 0
      vertex 14.0364 2.98353 50
      vertex 14.0364 2.98353 0
    endloop
  endfacet
  facet normal -0.994521 -0.104535 1.89539e-20
    outer loop
      vertex 14.0364 2.98353 50
      vertex 14.35 0 0
      vertex 14.35 0 50
    endloop
  endfacet
  facet normal -0.951061 -0.309005 8.89415e-19
    outer loop
      vertex 14.0364 2.98353 0
      vertex 13.1094 5.83667 50
      vertex 13.1094 5.83667 0
    endloop
  endfacet
  facet normal -0.951061 -0.309005 8.89415e-19
    outer loop
      vertex 13.1094 5.83667 50
      vertex 14.0364 2.98353 0
      vertex 14.0364 2.98353 50
    endloop
  endfacet
  facet normal 1 -0 0
    outer loop
      vertex -14.35 -10 40
      vertex -14.35 -9.65498 9
      vertex -14.35 -9.65498 40
    endloop
  endfacet
  facet normal 1 0 0
    outer loop
      vertex -14.35 -9.65498 9
      vertex -14.35 -10 40
      vertex -14.35 -10 9
    endloop
  endfacet
  facet normal 1 0 0
    outer loop
      vertex -14.35 -9.65498 40
      vertex -14.35 0 50
      vertex -14.35 -9.65498 44
    endloop
  endfacet
  facet normal 1 -0 0
    outer loop
      vertex -14.35 -10 50
      vertex -14.35 -9.65498 44
      vertex -14.35 0 50
    endloop
  endfacet
  facet normal 1 0 0
    outer loop
      vertex -14.35 -9.65498 44
      vertex -14.35 -10 50
      vertex -14.35 -10 44
    endloop
  endfacet
  facet normal 1 0 0
    outer loop
      vertex -14.35 0 50
      vertex -14.35 -9.65498 40
      vertex -14.35 0 0
    endloop
  endfacet
  facet normal 1 -0 0
    outer loop
      vertex -14.35 -9.65498 9
      vertex -14.35 0 0
      vertex -14.35 -9.65498 40
    endloop
  endfacet
  facet normal 1 -0 0
    outer loop
      vertex -14.35 -9.65498 5
      vertex -14.35 0 0
      vertex -14.35 -9.65498 9
    endloop
  endfacet
  facet normal 1 0 0
    outer loop
      vertex -14.35 -10 0
      vertex -14.35 -9.65498 5
      vertex -14.35 -10 5
    endloop
  endfacet
  facet normal 1 0 0
    outer loop
      vertex -14.35 -9.65498 5
      vertex -14.35 -10 0
      vertex -14.35 0 0
    endloop
  endfacet
  facet normal 0.5878 -0.809006 0
    outer loop
      vertex -9.60202 10.6641 0
      vertex -7.175 12.4275 50
      vertex -9.60202 10.6641 50
    endloop
  endfacet
  facet normal 0.5878 -0.809006 0
    outer loop
      vertex -7.175 12.4275 50
      vertex -9.60202 10.6641 0
      vertex -7.175 12.4275 0
    endloop
  endfacet
  facet normal -0.207903 -0.97815 0
    outer loop
      vertex 1.49998 14.2714 0
      vertex 4.43439 13.6477 50
      vertex 1.49998 14.2714 50
    endloop
  endfacet
  facet normal -0.207903 -0.97815 -0
    outer loop
      vertex 4.43439 13.6477 50
      vertex 1.49998 14.2714 0
      vertex 4.43439 13.6477 0
    endloop
  endfacet
  facet normal 0 -1 0
    outer loop
      vertex -20.35 -10 50
      vertex -17.5959 -10 44
      vertex -14.35 -10 50
    endloop
  endfacet
  facet normal 0 -1 0
    outer loop
      vertex -20.35 -10 50
      vertex -17.5959 -10 40
      vertex -17.5959 -10 44
    endloop
  endfacet
  facet normal 0 -1 0
    outer loop
      vertex -17.5959 -10 40
      vertex -17.5959 -10 9
      vertex -14.35 -10 40
    endloop
  endfacet
  facet normal 0 -1 0
    outer loop
      vertex -20.35 -10 0
      vertex -17.5959 -10 40
      vertex -20.35 -10 50
    endloop
  endfacet
  facet normal 0 -1 -0
    outer loop
      vertex -17.5959 -10 40
      vertex -20.35 -10 0
      vertex -17.5959 -10 9
    endloop
  endfacet
  facet normal 0 -1 -0
    outer loop
      vertex -17.5959 -10 9
      vertex -20.35 -10 0
      vertex -17.5959 -10 5
    endloop
  endfacet
  facet normal 0 -1 0
    outer loop
      vertex -14.35 -10 0
      vertex -17.5959 -10 5
      vertex -20.35 -10 0
    endloop
  endfacet
  facet normal 0 -1 0
    outer loop
      vertex -17.5959 -10 5
      vertex -14.35 -10 0
      vertex -14.35 -10 5
    endloop
  endfacet
  facet normal 0 -1 -0
    outer loop
      vertex -14.35 -10 50
      vertex -17.5959 -10 44
      vertex -14.35 -10 44
    endloop
  endfacet
  facet normal 0 -1 -0
    outer loop
      vertex -14.35 -10 40
      vertex -17.5959 -10 9
      vertex -14.35 -10 9
    endloop
  endfacet
  facet normal 0 -1 0
    outer loop
      vertex 14.35 -10 5
      vertex 14.35 -10 0
      vertex 17.5959 -10 5
    endloop
  endfacet
  facet normal 0 -1 0
    outer loop
      vertex 14.35 -10 40
      vertex 14.35 -10 9
      vertex 17.5959 -10 40
    endloop
  endfacet
  facet normal 0 -1 0
    outer loop
      vertex 17.5959 -10 44
      vertex 14.35 -10 50
      vertex 14.35 -10 44
    endloop
  endfacet
  facet normal 0 -1 0
    outer loop
      vertex 14.35 -10 50
      vertex 17.5959 -10 44
      vertex 20.35 -10 50
    endloop
  endfacet
  facet normal 0 -1 0
    outer loop
      vertex 17.5959 -10 40
      vertex 20.35 -10 50
      vertex 17.5959 -10 44
    endloop
  endfacet
  facet normal 0 -1 0
    outer loop
      vertex 17.5959 -10 9
      vertex 17.5959 -10 40
      vertex 14.35 -10 9
    endloop
  endfacet
  facet normal 0 -1 0
    outer loop
      vertex 20.35 -10 0
      vertex 17.5959 -10 40
      vertex 17.5959 -10 9
    endloop
  endfacet
  facet normal 0 -1 0
    outer loop
      vertex 20.35 -10 0
      vertex 17.5959 -10 9
      vertex 17.5959 -10 5
    endloop
  endfacet
  facet normal 0 -1 0
    outer loop
      vertex 17.5959 -10 40
      vertex 20.35 -10 0
      vertex 20.35 -10 50
    endloop
  endfacet
  facet normal 0 -1 0
    outer loop
      vertex 20.35 -10 0
      vertex 17.5959 -10 5
      vertex 14.35 -10 0
    endloop
  endfacet
endsolid OpenSCAD_Model
